Id,SalePrice_147,SalePrice_129,difference_147,SalePrice_406,difference_406
1461,109937.7044,129542.55,19604.84558,169277.0525,39734.5025
1462,162112.9067,161306.83,806.0767348,187758.394,26451.56399
1463,187463.1269,185061.95,2401.176892,183583.6836,1478.26643
1464,196156.8515,192490.92,3665.931534,179317.4775,13173.44249
1465,197332.1008,192915.08,4417.02078,150730.08,42185.00002
1466,170864.3235,183072.05,12207.72646,177150.9892,5921.060753
1467,198547.6844,167803.8,30743.8844,172070.6592,4266.859229
1468,161374.8517,170396.77,9021.918252,175110.9565,4714.18652
1469,201169.0059,180093.73,21075.27594,162011.6988,18082.03117
1470,120055.6749,124133.89,4078.215078,160726.2478,36592.35783
1471,189244.3562,205603.62,16359.26377,157933.2795,47670.34054
1472,98824.10475,91090.914,7733.190748,145291.245,54200.33102
1473,94064.26055,100683.08,6618.819446,159672.0176,58988.93763
1474,124917.5837,148988.56,24070.97631,164167.5183,15178.9583
1475,101862.1865,130316.125,28453.93846,150891.6382,20575.51324
1476,339157.7217,378537.6,39379.87831,179460.9652,199076.6348
1477,247633.0776,263297.53,15664.45237,185034.6289,78262.90109
1478,286010.9479,289310.78,3299.832075,182352.1926,106958.5874
1479,288618.5482,277244.22,11374.32817,183053.4582,94190.76179
1480,446783.9755,481947.84,35163.86454,187823.3393,294124.5007
1481,334757.5564,325887.06,8870.496423,186544.1143,139342.9457
1482,206659.5491,208263.84,1604.290931,158230.7752,50033.06479
1483,175895.6452,162315.6,13580.04515,190552.8293,28237.22932
1484,162528.9551,168924.22,6395.264876,147183.6749,21740.54513
1485,185458.4987,176335.05,9123.448732,185855.3009,9520.250905
1486,191839.8772,189344.2,2495.677249,174350.4707,14993.72932
1487,305653.2597,358562.38,52909.12026,201740.6207,156821.7593
1488,247420.7213,231647.14,15773.58131,162986.3789,68660.7611
1489,195844.0505,214580.61,18736.55953,162330.1991,52250.41091
1490,243019.6972,212975.5,30044.19721,165845.9386,47129.56138
1491,190331.6507,191675.39,1343.739332,180929.6229,10745.76712
1492,82680.89385,85940.375,3259.481149,163481.5015,77541.12652
1493,145291.2782,186015.16,40723.88181,187798.0767,1782.916714
1494,263708.7189,290592.16,26883.44114,198822.1989,91769.96106
1495,277864.8706,281594.6,3729.729374,194868.4099,86726.1901
1496,255906.7936,240587.3,15319.49359,152605.2986,87982.00144
1497,175161.4349,187155.22,11993.78513,147797.7028,39357.51716
1498,165027.3566,157806.84,7220.51661,150521.969,7284.871007
1499,160631.1997,156997.73,3633.469656,146991.6302,10006.09985
1500,148003.179,151061.86,3058.680953,150306.3078,755.5521855
1501,179265.0474,170661.38,8603.667378,151164.3725,19497.00747
1502,143210.0564,157372.95,14162.89364,151133.707,6239.243039
1503,300715.9535,275513.03,25202.92345,156214.0425,119298.9875
1504,244186.763,238094.78,6091.983046,171992.7607,66102.01926
1505,235437.4965,229652.73,5784.76654,173214.9125,56437.81745
1506,189614.6122,180335.72,9278.89221,192429.1873,12093.46735
1507,290443.5889,236256.1,54187.48895,190878.6951,45377.40491
1508,224079.8985,194752.16,29327.73853,194542.5441,209.6158645
1509,160115.627,171033.19,10917.56304,191849.4391,20816.24907
1510,143474.6076,147176.83,3702.222368,176363.7739,29186.94391
1511,156382.6647,146389.7,9992.964705,176954.1854,30564.48541
1512,172494.2281,170762.14,1732.088148,176521.217,5759.076976
1513,136919.8219,145710.83,8791.008086,179436.7048,33725.87481
1514,151098.0649,163006.22,11908.15508,220079.7568,57073.53678
1515,203032.0721,189591.03,13441.0421,175502.9181,14088.11189
1516,150216.4708,158633.88,8417.409216,188321.0738,29687.19383
1517,182625.5651,160456.98,22168.58511,163276.3245,2819.34445
1518,135304.9198,122725.35,12579.56983,185911.3663,63186.01629
1519,243497.8693,228935.27,14562.59925,171392.831,57542.439
1520,135282.4252,134921.8,360.6251798,174418.207,39496.40702
1521,132588.133,142349,9760.866998,179682.7096,37333.7096
1522,171456.8914,174621.89,3164.998628,179423.7516,4801.861582
1523,124939.5928,110912.37,14027.2228,171756.9181,60844.54809
1524,121840.4188,129185.14,7344.721243,166849.6382,37664.49817
1525,126188.926,128725.31,2536.383984,181122.1687,52396.85868
1526,119868.6097,124632.22,4763.610336,170934.4627,46302.24275
1527,107507.8783,104591.586,2916.292329,159738.2926,55146.70658
1528,130094.6798,133332.1,3237.420227,174445.7596,41113.65956
1529,146856.037,150996.75,4140.713006,174706.3637,23709.61366
1530,185638.6128,167861.42,17777.19279,164507.6725,3353.747461
1531,89933.078,102332.625,12399.547,163602.5122,61269.88717
1532,85503.34996,98365.18,12861.83004,154126.2702,55761.09025
1533,140861.7524,138715.56,2146.192365,171104.8535,32389.29348
1534,123087.4189,119118.38,3969.038869,167735.3927,48617.01271
1535,122939.4134,153541.02,30601.60661,183003.6133,29462.59334
1536,90892.68861,117196.586,26303.89739,172580.3812,55383.79516
1537,62294.09444,68513.65,6219.555562,165407.8891,96894.2391
1538,118628.3292,172286.53,53658.20083,176363.7739,4077.243908
1539,164605.9953,189150.19,24544.19468,175182.9509,13967.2391
1540,71013.89219,89271.805,18257.91281,190757.1778,101485.3728
1541,131886.4223,144044.69,12158.26771,167186.9958,23142.30577
1542,169578.4441,137581.08,31997.36413,167839.3768,30258.29678
1543,188561.4664,220056.75,31495.28357,173912.4212,46144.32883
1544,104647.5579,82616.41,22031.14789,154034.9174,71418.50745
1545,123455.71,105068.266,18387.44396,156002.9558,50934.68979
1546,142119.5231,127064.82,15054.70309,168173.9433,41109.1233
1547,140070.3557,133442.14,6628.215658,168882.4371,35440.2971
1548,149320.5891,133258.62,16061.9691,168173.9433,34915.3233
1549,127026.2125,117389.99,9636.222522,157580.1776,40190.18755
1550,137432.3509,142167.88,4735.529127,181922.1526,39754.27256
1551,88935.19707,107757.76,18822.56293,155134.2278,47376.46784
1552,121586.2403,131761,10174.75972,188885.5733,57124.57332
1553,131944.9551,149824.67,17879.71487,183963.193,34138.52301
1554,110671.4341,115380.81,4709.375921,161298.7623,45917.95231
1555,151460.2877,157979.7,6519.412346,188613.6676,30633.96763
1556,91611.81583,89790,1821.815832,175080.1118,85290.11182
1557,109398.5404,108383.055,1015.485366,174744.4003,66361.34531
1558,97880.84877,82160.14,15720.70877,168175.9113,86015.77134
1559,65791.38492,94880.805,29089.42008,182333.4726,87452.66758
1560,111865.0554,136087.17,24222.1146,158307.2067,22220.03674
1561,147337.9492,140129.36,7208.58923,193053.0555,52923.6955
1562,124676.2547,127385.5,2709.245314,175031.09,47645.58999
1563,120749.9559,118719.74,2030.21585,160713.2946,41993.5546
1564,157095.1631,160734.81,3639.646944,173186.215,12451.40501
1565,134850.0073,150575.12,15725.11266,191736.7598,41161.63981
1566,225460.9269,226594.58,1133.653137,170401.631,56192.949
1567,79701.9119,75606.71,4095.201895,164626.5779,89019.86788
1568,236697.5621,229206.16,7491.402136,205469.4094,23736.75056
1569,117470.7476,135402.86,17932.1124,209561.7842,74158.92421
1570,121648.6368,139366.11,17717.47322,182271.5031,42905.39307
1571,113456.3802,129290.27,15833.88976,178081.5494,48791.27943
1572,139679.0628,145259.62,5580.557174,178425.9561,33166.33614
1573,252501.4608,243786.62,8714.840844,162015.3185,81771.30149
1574,135570.8723,112425.766,23145.10634,181722.4204,69296.65437
1575,207203.1717,213754.42,6551.248295,156705.7302,57048.68983
1576,240844.0604,230383.42,10460.6404,182902.4203,47480.99966
1577,183611.4605,206796.1,23184.63952,157574.5954,49221.5046
1578,116080.7359,145878.66,29797.92406,184380.7391,38502.0791
1579,157122.1022,144037.95,13084.15217,169364.4692,25326.51923
1580,189339.6388,191168.25,1828.611177,175846.1798,15322.07018
1581,151446.9134,148352.95,3093.963437,189673.2953,41320.3453
1582,120516.0223,129279.8,8763.777651,174401.3177,45121.51772
1583,316308.756,337657.3,21348.54395,179021.4487,158635.8513
1584,212150.0924,234879.4,22729.30763,189196.8453,45682.55466
1585,139882.1767,140310.7,428.523324,139647.0957,663.6042793
1586,71176.34609,69588.61,1587.736091,161468.1983,91879.58829
1587,94632.20684,98671.945,4039.738163,171557.3232,72885.37818
1588,164132.709,158584.56,5548.148984,179447.368,20862.80804
1589,95854.00254,100373.8,4519.797459,169611.619,69237.81902
1590,129088.2747,137412.45,8324.175281,172088.8727,34676.42266
1591,92861.53527,94115.41,1253.874727,171190.6241,77075.21413
1592,112009.5411,119591.555,7582.013871,154850.5084,35258.95336
1593,110306.7095,122940.31,12633.60049,158617.6557,35677.34572
1594,113522.1304,129497.09,15974.95956,209258.3369,79761.24694
1595,108573.8592,109697.16,1123.300797,177939.0276,68241.86763
1596,203197.3736,242375.53,39178.15636,194631.1003,47744.4297
1597,177242.3906,186507.73,9265.339378,213618.8716,27111.14156
1598,218502.1274,194009.72,24492.40739,198342.5042,4332.784229
1599,167913.9898,187070.47,19156.48015,138607.9715,48462.49853
1600,163334.2883,178543.52,15209.23166,150778.959,27764.56102
1601,75317.50863,63317.09,12000.41863,146966.2303,83649.14034
1602,92754.52344,107926.016,15171.49256,162182.5962,54256.58021
1603,71999.95635,101616.664,29616.70765,176825.941,75209.27696
1604,237713.2133,277240.78,39527.56668,152799.8124,124440.9676
1605,235223.1975,238485.42,3262.222516,180322.3221,58163.09793
1606,173652.8637,169417.9,4234.963694,177508.0272,8090.127228
1607,162425.8279,148336.4,14089.42787,208029.6427,59693.24265
1608,213331.1126,211741.73,1589.382634,181987.2825,29754.44749
1609,187441.1603,194202.06,6760.899693,160172.728,34029.33203
1610,149843.035,160244.72,10401.68495,176761.3177,16516.59765
1611,124533.4153,144806.64,20273.22467,176515.4975,31708.85755
1612,176457.1605,163086.14,13371.02048,176270.4531,13184.31307
1613,167196.5764,157347.3,9849.276358,183050.8463,25703.54626
1614,122298.2214,120926.64,1371.581412,150011.1021,29084.46206
1615,91860.63407,80812.87,11047.76407,159270.5378,78457.66781
1616,76033.00479,73655.71,2377.294794,163419.6637,89763.95373
1617,91436.34149,87135.555,4300.786492,163399.9833,76264.42835
1618,116343.7455,122167.52,5823.774538,173364.1615,51196.64151
1619,141788.5943,144122.19,2333.595675,169556.8359,25434.6459
1620,199657.8073,131647.2,68010.60726,183690.596,52043.396
1621,134619.5222,134363.48,256.0422353,176980.9149,42617.43491
1622,131451.7606,145829.69,14377.92935,204773.3622,58943.67222
1623,259148.6338,284870.22,25721.58622,174728.656,110141.564
1624,206138.8636,210778.1,4639.23636,181873.4582,28904.64176
1625,122170.5299,117022.13,5148.399879,177322.0008,60299.87082
1626,162854.6204,160275.75,2578.870383,193927.939,33652.18904
1627,190120.9003,188921.42,1199.480344,181715.6227,7205.797268
1628,277732.8047,268671.47,9061.334673,199270.8412,69400.6288
1629,189315.7559,175916.12,13399.63586,177109.59,1193.469956
1630,415704.4911,354860.5,60843.99111,153909.5783,200950.9217
1631,250439.4848,209404.62,41034.8648,162931.2033,46473.41666
1632,260469.593,233002.22,27467.37296,166386.7567,66615.46328
1633,169740.7177,165083.8,4656.917705,173719.3038,8635.503798
1634,184675.3452,186232.6,1557.254834,179757.9257,6474.674343
1635,177988.299,188202.28,10213.98099,179007.602,9194.678036
1636,160109.066,151652.81,8456.256005,180370.8086,28717.99862
1637,219704.0583,191725.11,27978.94827,185102.6167,6622.493269
1638,156803.6973,196504.38,39700.68266,198825.5635,2321.183452
1639,183110.0008,183531.45,421.4492386,184294.576,763.1260091
1640,253336.5137,258152.94,4816.426291,200443.7921,57709.14794
1641,172844.0641,179533.83,6689.765876,181294.7845,1760.954484
1642,244347.4375,229377.6,14969.83747,174354.3363,55023.26373
1643,200281.8821,225054.95,24773.06789,172023.6778,53031.27222
1644,236772.585,227290.84,9481.744959,181666.9229,45623.91714
1645,201805.044,178010.5,23794.54403,179024.4913,1013.99127
1646,148495.6757,154127.56,5631.884256,178324.1916,24196.63158
1647,143830.7188,152645.6,8814.881193,184534.6767,31889.07669
1648,134089.5603,134302.77,213.2097333,159397.2504,25094.48038
1649,142027.8869,137304.5,4723.386852,178430.9667,41126.46673
1650,112749.2988,117227.55,4478.251172,177743.7994,60516.24939
1651,121476.9685,117323.4,4153.56853,179395.3055,62071.90552
1652,99092.76307,91706.39,7386.373071,151713.3847,60006.99475
1653,101740.7789,95822.98,5917.798877,151713.3847,55890.40475
1654,118569.897,153746.45,35176.55295,168434.978,14688.528
1655,118287.1458,147062.06,28774.91423,153999.1003,6937.040311
1656,120791.1384,145812.86,25021.72164,164096.0974,18283.23735
1657,121946.8285,155560.4,33613.57154,166335.403,10775.00304
1658,118915.9968,145809.67,26893.6732,163020.7254,17211.05538
1659,106475.5003,137328.2,30852.69967,155862.5107,18534.31067
1660,150770.111,150927.5,157.3890098,182760.6511,31833.1511
1661,433425.2972,493157.22,59731.92277,201912.2706,291244.9494
1662,424735.498,406208.84,18526.658,185988.234,220220.606
1663,378758.7007,396889.84,18131.13929,183778.4489,213111.3911
1664,462234.8262,413101.03,49133.79624,170935.8592,242165.1708
1665,292039.4501,319543.9,27504.44991,184468.9084,135074.9916
1666,329741.3547,332720.22,2978.86527,191569.0897,141151.1303
1667,349509.5789,377140.94,27631.3611,232991.0256,144149.9144
1668,325905.7764,341216.5,15310.72356,180980.7214,160235.7786
1669,299955.2441,298238.7,1716.544091,164279.1305,133959.5695
1670,329351.3486,350857.72,21506.37138,183859.4604,166998.2596
1671,271910.3575,270726.28,1184.077517,185922.4657,84803.81432
1672,429530.7612,463146.2,33615.43876,191742.7781,271403.4219
1673,290103.1904,291896.75,1793.559564,199954.0725,91942.67753
1674,249788.5382,247318.2,2470.338155,180690.2748,66627.92525
1675,198914.1477,180090.3,18823.84766,163099.3096,16990.99036
1676,203297.1607,178249.52,25047.64065,140791.9225,37457.59753
1677,212196.7073,215717.52,3520.812741,166481.8665,49235.65352
1678,435772.1661,401978.25,33793.91608,172080.4345,229897.8155
1679,394649.4756,393856.78,792.6956245,191719.1617,202137.6183
1680,326671.9736,329930.47,3258.496418,160741.0986,169189.3714
1681,224140.6552,253304.94,29164.28477,157829.5469,95475.39315
1682,311395.2764,307971.84,3423.436403,196896.7486,111075.0914
1683,188181.9284,171362.5,16819.42841,159675.424,11687.07601
1684,171554.4581,165448.5,6105.958128,182084.7909,16636.2909
1685,170296.5398,175684.27,5387.730217,179233.9264,3549.656374
1686,169842.9697,169280.14,562.8296822,155774.2709,13505.8691
1687,173262.0271,166715.14,6546.887137,181354.3267,14639.18672
1688,186111.3197,179651.84,6459.479705,179605.5637,46.27633608
1689,191659.2259,188330.84,3328.385871,181609.3487,6721.491339
1690,190564.8536,190293.88,270.9735752,178221.5316,12072.34838
1691,178471.2718,177162.34,1308.93176,175559.9207,1602.419264
1692,256316.9376,261701.88,5384.942382,200328.8228,61373.05721
1693,171835.5036,166573.53,5261.973588,178630.0606,12056.53056
1694,183035.6447,187752.5,4716.855321,177174.5352,10577.96478
1695,168336.9904,163440.67,4896.320418,172515.6874,9075.017369
1696,254779.1799,261209.17,6429.990144,204032.9929,57176.17708
1697,168217.4066,165196.88,3020.526558,176023.2328,10826.35279
1698,334900.5425,368539.72,33639.17754,202202.0733,166337.6467
1699,284613.9413,316898.16,32284.21872,181734.4801,135163.6799
1700,240312.848,243100.34,2787.491958,183982.159,59118.18101
1701,263402.6318,264582.78,1180.148178,188007.9424,76574.83759
1702,253306.1206,268765.53,15459.40939,185922.9668,82842.56324
1703,253132.3948,263127.84,9995.445217,183978.5449,79149.29513
1704,301000.654,298504.47,2496.184016,177199.6186,121304.8514
1705,241502.9722,218832.67,22670.30217,181878.648,36954.02204
1706,446993.5218,409330.75,37662.77176,173622.0887,235708.6613
1707,212234.923,222686.61,10451.68699,180728.1686,41958.44144
1708,202099.4376,215654.78,13555.34235,176477.0266,39177.75339
1709,257157.0755,283842.97,26685.89447,184282.2667,99560.7033
1710,230347.2091,223096.64,7250.569104,162062.4754,61034.16462
1711,264662.7807,246983.5,17679.2807,182550.071,64433.42901
1712,265247.7911,260213.89,5033.901137,180987.9496,79225.94038
1713,281276.3258,265394.25,15882.07578,178173.7976,87220.45238
1714,218720.1385,222245.95,3525.811471,179980.6359,42265.31405
1715,210511.0086,208882.45,1628.558635,173257.6378,35624.81217
1716,178172.6293,189118.27,10945.64074,177271.2911,11846.97894
1717,169310.5873,172288.5,2977.912676,175338.3554,3049.855442
1718,144571.2697,121362.31,23208.95966,177548.1405,56185.83055
1719,197920.7714,194520.14,3400.631386,175969.9166,18550.22337
1720,242839.6749,242624.84,214.8348838,175011.482,67613.35805
1721,148640.2973,165569.4,16929.10272,185199.3726,19629.97257
1722,124212.7221,118391.85,5820.872066,188514.0502,70122.20023
1723,151169.9101,153132,1962.089879,185080.1453,31948.14527
1724,210649.1158,220534.92,9885.804231,157304.4026,63230.51743
1725,240659.8516,241884.16,1224.308422,194260.8595,47623.30052
1726,181746.77,190442.75,8695.979957,181262.33,9180.420005
1727,151203.4946,164575.11,13371.61545,157003.2927,7571.817293
1728,157200.5658,176694.95,19494.38424,182924.4994,6229.54936
1729,166151.0242,163960.86,2190.164233,181902.5864,17941.72638
1730,130563.002,165010.12,34447.11801,188985.3717,23975.25171
1731,113533.0371,121381.06,7848.022933,185290.9045,63909.8445
1732,132028.322,128063.61,3964.711958,177304.4258,49240.81575
1733,108597.5941,111307.82,2710.225919,166274.9005,54967.08049
1734,126003.0808,115198.08,10805.0008,177807.4205,62609.34053
1735,115252.4629,133839.39,18586.92713,180330.6248,46491.23482
1736,110258.3724,115686.68,5428.307583,179069.1122,63382.43223
1737,329801.3493,374287,44485.65071,175943.3718,198343.6282
1738,244053.8825,205946.84,38107.04247,185199.0506,20747.78939
1739,273617.5818,271026.72,2590.861767,167350.9108,103675.8092
1740,216783.3361,218882.77,2099.433928,149315.3119,69567.45812
1741,187463.5557,195409.45,7945.894348,139010.8478,56398.60223
1742,180977.6559,168763.36,12214.29586,155412.1518,13351.20815
1743,174895.5846,163307.61,11587.97459,171308.314,8000.703985
1744,324245.6557,327922.88,3677.224312,176220.5433,151702.3367
1745,225288.6586,224832.27,456.3885943,177643.435,47188.83501
1746,178243.2998,179736.33,1493.030172,187222.6533,7486.323265
1747,205117.9134,218592.17,13474.25663,185635.1321,32957.03792
1748,210004.0391,224877.1,14873.06094,206492.5342,18384.56578
1749,150685.6894,153077.83,2392.140638,181681.0211,28603.19108
1750,122971.777,128010.61,5038.832969,180500.1981,52489.58807
1751,240152.0433,245969.92,5817.876668,206486.1709,39483.74913
1752,125634.7059,118260.62,7374.085873,161334.3012,43073.6812
1753,156196.5115,137689.23,18507.2815,176156.5583,38467.32831
1754,169662.1259,197663.88,28001.75407,191642.2235,6021.656521
1755,166898.5267,171931.67,5033.143257,191945.808,20014.13803
1756,127745.5608,133696,5950.439226,164146.306,30450.30604
1757,123800.1136,117397.05,6403.063594,179883.0571,62486.00707
1758,142465.593,145291.77,2826.176956,178071.1377,32779.36767
1759,158923.5507,160363.97,1440.419326,188241.6379,27877.6679
1760,159345.6646,158284.8,1060.864605,174559.6562,16274.85617
1761,133301.0259,140689.48,7388.454139,182347.363,41657.88304
1762,190545.6875,176126.14,14419.54747,191507.2519,15381.11187
1763,172207.3285,170091.05,2116.278475,199751.8656,29660.8156
1764,115510.2757,118821.914,3311.638346,162106.4161,43284.50215
1765,121507.5182,150841.73,29334.21176,164575.9823,13734.25231
1766,194256.8371,168175.33,26081.50707,179176.3522,11001.02218
1767,243269.7581,211580.66,31689.09808,177327.4039,34253.25614
1768,138605.4687,142210.6,3605.131255,177818.0838,35607.48376
1769,160836.06,167271.27,6435.210018,186965.204,19693.93405
1770,155852.4745,141352.66,14499.8145,178762.7422,37410.08217
1771,122145.8902,134789.84,12643.94979,183322.8661,48533.02615
1772,146210.9719,133126.39,13084.58192,178903.2959,45776.90593
1773,107898.5123,137634.22,29735.70766,186570.1294,48935.90942
1774,156727.0906,116348.664,40378.42664,199144.2428,82795.57883
1775,150071.5948,137405.5,12666.09476,172154.7133,34749.21331
1776,125327.4078,121523.414,3803.993799,177444.0192,55920.6052
1777,110056.6834,112714.016,2657.332599,166200.9381,53486.92207
1778,141825.8999,142060.94,235.0400834,158995.7706,16934.83056
1779,100829.2298,112279.83,11450.60015,168273.2825,55993.45245
1780,158234.4218,172213.11,13978.68815,189680.4531,17467.34305
1781,127716.8713,136678.19,8961.31874,181681.0211,45002.83108
1782,92557.88869,90322.58,2235.308694,160277.1426,69954.56264
1783,112000.0704,134770.95,22770.87958,197318.5472,62547.59716
1784,92612.08827,106448.62,13836.53173,162228.9356,55780.3156
1785,107781.9205,120096.164,12314.24353,187340.4555,67244.29146
1786,117920.1825,149374.84,31454.65746,181065.347,31690.50704
1787,136091.5332,164981.33,28889.79677,190233.6091,25252.2791
1788,71865.3855,52602.84,19262.5455,157929.5949,105326.7549
1789,90569.95277,100139.445,9569.492231,168557.0019,68417.55694
1790,64409.23141,82659.44,18250.20859,160805.5846,78146.14465
1791,205513.1703,170822.9,34690.27032,221648.392,50825.49198
1792,161528.2206,153859.69,7668.530595,180539.8808,26680.1908
1793,136394.7478,121515.305,14879.44283,182105.6163,60590.31128
1794,156788.6015,149107.69,7680.911499,166380.8526,17273.1626
1795,127723.1729,135184.42,7461.247145,178942.1556,43757.73562
1796,118830.1434,126132.87,7302.726614,162804.7478,36671.8778
1797,104207.6777,118527.086,14319.40831,183077.6844,64550.59839
1798,124911.1477,127286.164,2375.01629,171728.472,44442.30803
1799,118909.7582,114352.19,4557.568224,164786.7415,50434.55154
1800,124520.0479,136071.6,11551.55215,177427.2672,41355.66717
1801,117582.9422,128080.586,10497.64381,197318.5472,69237.96116
1802,119602.2029,143400.75,23798.54708,178658.1142,35257.36418
1803,146931.6974,145059.45,1872.247408,185437.3205,40377.87052
1804,146575.3955,144316.94,2258.455479,169759.6525,25442.71249
1805,133448.3324,129488.945,3959.387433,173986.6351,44497.69006
1806,121457.8965,116096.73,5361.166481,168607.6643,52510.93429
1807,124187.9288,128894.96,4707.031243,194138.5191,65243.55915
1808,106470.44,122876.664,16406.22395,192502.4409,69625.77692
1809,113550.7684,116510.78,2960.011614,176746.9698,60236.18982
1810,130592.5882,148836.19,18243.60178,177604.8917,28768.7017
1811,86646.20866,96908.52,10262.31134,193283.7466,96375.22658
1812,91696.34681,99721.07,8024.723191,181627.061,81905.99101
1813,119816.8659,121806.76,1989.894117,169071.6203,47264.86026
1814,95567.52852,91930.555,3636.973518,167398.0065,75467.45147
1815,64430.17344,51295.848,13134.32544,150106.5051,98810.65714
1816,97918.28972,100341.06,2422.770278,159650.3043,59309.24429
1817,99247.2574,120063.18,20815.9226,179471.236,59408.05597
1818,145009.175,136347.77,8661.405013,177109.59,40761.81996
1819,133888.4118,125700.445,8187.966846,166558.1133,40857.66833
1820,58799.53675,66629.03,7829.493254,153796.7143,87167.68432
1821,99962.48701,115494.21,15531.72299,174520.1526,59025.94257
1822,137739.4757,142551.28,4811.804346,196297.9583,53746.6783
1823,40696.1575,49843.086,9146.9285,169100.6816,119257.5956
1824,142098.731,135522.23,6576.50096,176911.3192,41389.08916
1825,143107.8873,128955.695,14152.19232,169234.6455,40278.95048
1826,114256.7919,106464.96,7791.831943,172386.2979,65921.33792
1827,99821.67722,108436.92,8615.242783,156031.9048,47594.9848
1828,143234.4576,134730.98,8503.477601,168202.8923,33471.91231
1829,126563.5781,115667.266,10896.31214,166505.984,50838.71802
1830,154034.3146,141999.72,12034.59461,176507.3702,34507.65022
1831,136313.9994,153527.11,17213.11061,180116.7526,26589.64255
1832,76059.30776,90124.93,14065.62224,183072.7406,92947.81059
1833,134011.6293,129105.7,4905.929284,189595.9647,60490.26468
1834,113388.3329,115001.484,1613.151097,167523.9191,52522.43508
1835,111981.1221,139261.67,27280.54788,210817.7759,71556.10586
1836,127368.9494,130492.59,3123.64065,172942.9308,42450.34081
1837,86920.06327,87535.266,615.2027252,145286.2781,57751.01214
1838,101678.8074,123808.875,22130.06764,176468.6534,52659.77837
1839,113372.9147,80526.984,32845.93074,159040.0696,78513.08556
1840,159843.2861,165244.3,5401.013891,178518.2043,13273.90433
1841,141889.5064,153875.83,11986.32359,169163.9808,15288.15079
1842,110746.7245,81607.1,29139.6245,189786.6853,108179.5853
1843,122398.8075,133530.23,11131.42247,181246.7285,47716.49852
1844,131163.1217,137073.19,5910.068277,176349.9272,39276.73715
1845,137446.365,131519.45,5926.915021,205266.631,73747.18101
1846,149071.3973,153367.16,4295.762664,187397.9934,34030.83336
1847,147073.5766,150598.97,3525.39338,208943.4277,58344.45773
1848,53511.69015,48284.12,5227.570153,165014.5329,116730.4129
1849,92169.29151,101678.8,9509.508489,182492.0376,80813.23757
1850,129192.7363,120949.48,8243.256337,161718.7126,40769.23259
1851,152990.0697,152674.56,315.5096995,180084.1189,27409.55894
1852,121491.7838,129825.77,8333.986161,178534.9508,48709.1808
1853,125588.9664,132637.48,7048.513555,151217.26,18579.77996
1854,175668.7882,172623.19,3045.598152,156342.7176,16280.47241
1855,144365.4132,135278.56,9086.853197,188511.4438,53232.88384
1856,221756.1428,217245.69,4510.452845,183570.3379,33675.3521
1857,107343.891,144997.06,37653.16899,225810.1603,80813.10029
1858,126195.082,138950.05,12754.96801,214217.4011,75267.35113
1859,107436.415,120770.016,13333.60104,187665.641,66895.62502
1860,148540.6482,157168.08,8627.431776,161157.1777,3989.097744
1861,104709.954,120875.21,16165.25604,187643.9926,66768.78259
1862,355093.4211,293206.66,61886.7611,228156.3728,65050.28716
1863,337740.4149,286133.3,51607.11494,220449.5347,65683.76533
1864,337797.336,286133.3,51664.036,220522.3521,65610.94792
1865,311825.2355,341116.28,29291.04447,156647.7635,184468.5165
1866,307303.8235,358715.62,51411.79652,187388.8334,171326.7866
1867,220636.149,245450.42,24814.27103,178640.7238,66809.69621
1868,292314.7332,320335.7,28020.9668,180847.2167,139488.4833
1869,208151.9953,200945.98,7206.015287,159505.1705,41440.80947
1870,221407.0419,243645.08,22238.03808,164305.538,79339.54198
1871,239990.7028,251307.8,11317.09717,180181.1967,71126.60326
1872,164410.5461,170678.78,6268.233893,184602.735,13923.95499
1873,248019.3127,234110.78,13908.5327,193440.3722,40670.40783
1874,151729.7962,139417.02,12312.77623,184199.7882,44782.76821
1875,208487.528,197934.38,10553.14802,196241.8929,1692.487092
1876,200945.5499,194935,6010.549946,175588.6183,19346.38173
1877,212046.6681,210503.08,1543.588073,179503.0465,31000.03345
1878,187380.6065,203240.42,15859.81347,183658.0766,19582.34342
1879,136497.1644,132554.27,3942.89439,193700.9763,61146.70628
1880,133150.0052,134058.61,908.6047876,165399.6245,31341.01451
1881,245743.627,237570.39,8173.237042,186847.9448,50722.44521
1882,239879.8722,253427.92,13548.04783,198127.7329,55300.18712
1883,184979.3749,193173.56,8194.185118,183320.8981,9852.661892
1884,203950.1259,208100.44,4150.314148,181613.6067,26486.8333
1885,242062.3318,261478.11,19415.77823,178298.7918,83179.31824
1886,286142.158,310035.25,23893.09202,185733.534,124301.716
1887,209778.571,203224.73,6553.841046,180008.1885,23216.54151
1888,261576.6498,270074.9,8498.250238,175127.5962,94947.30378
1889,163152.612,166739.47,3586.857993,183467.1769,16727.70686
1890,115914.7249,131039.82,15125.09507,182705.546,51665.72602
1891,126600.5839,142016.78,15416.19607,152324.9436,10308.16359
1892,102801.6271,101020.484,1781.143095,169878.516,68858.03198
1893,139665.9041,136093.27,3572.634113,183735.9751,47642.70508
1894,118051.1997,128023.92,9972.720251,224118.2801,96094.36011
1895,136260.3634,131398.72,4861.643393,169355.2025,37956.48247
1896,110682.1389,123698.17,13016.03107,180054.2764,56356.10641
1897,96402.67282,111389.8,14987.12718,174081.602,62691.80198
1898,114925.2678,107153.445,7771.82276,168494.985,61341.54002
1899,137606.652,152750.16,15143.50801,181871.5988,29121.43884
1900,138956.6552,151838.9,12882.24479,173554.4897,21715.58966
1901,155993.0388,173658,17664.96118,169805.3822,3852.617834
1902,141184.8959,136341.53,4843.365934,176192.9907,39851.46073
1903,174562.0269,204041.14,29479.11314,204264.3928,223.2528465
1904,129468.1476,147103.72,17635.57239,169630.907,22527.18696
1905,175597.1294,182839.81,7242.680603,185724.8388,2885.028807
1906,74453.52738,156167.92,81714.39262,195699.0363,39531.11628
1907,189135.6219,192376.95,3241.328102,189494.2762,2882.673838
1908,114817.0493,111316.52,3500.529313,149607.9057,38291.38567
1909,146293.6202,134250.14,12043.48021,154650.199,20400.05905
1910,131314.9506,122760.01,8554.940586,151579.5581,28819.54814
1911,226426.7075,204361.11,22065.59745,185147.3805,19213.72947
1912,352941.9672,297793.9,55148.06721,196314.5312,101479.3688
1913,136277.7866,143982.2,7704.413406,210802.3954,66820.19536
1914,62835.03654,73318.05,10483.01346,166271.2864,92953.23637
1915,279607.2229,323876.56,44269.33715,154865.3591,169011.2009
1916,62264.90776,68337.71,6072.802242,173575.5053,105237.7953
1917,240577.8956,260330.31,19752.41439,179399.5636,80930.74645
1918,133556.9737,139720.62,6163.646308,164280.7766,24560.15656
1919,166924.1458,168574.52,1650.374182,171247.4895,2672.969481
1920,161121.6103,145051.02,16070.59032,166878.5872,21827.56718
1921,357345.0229,443173.34,85828.31714,188129.4597,255043.8803
1922,294366.808,339791.9,45425.09203,183517.3437,156274.5563
1923,273174.1683,218297.81,54876.3583,175522.0269,42775.78307
1924,231727.2351,219758.53,11968.70513,190060.1053,29698.42467
1925,190131.6215,204613.66,14482.03845,174179.8248,30433.83523
1926,365163.2623,416019.16,50855.89767,171059.5237,244959.6363
1927,130719.905,137443.9,6723.995014,183004.1868,45560.28677
1928,142386.6205,141418.05,968.5705009,183601.6474,42183.59739
1929,138546.0123,125266.63,13279.38229,163539.3272,38272.69719
1930,128082.0808,134584.58,6502.499167,164677.6764,30093.09639
1931,147432.402,147440.81,8.408012438,162395.0739,14954.26387
1932,137407.9172,138781.6,1373.682825,182207.6323,43426.03232
1933,156957.6157,180170.34,23212.72428,192223.9398,12053.59979
1934,176002.2978,176614.42,612.1221702,176391.8294,222.5906099
1935,169421.2541,180284.12,10862.86587,181913.1791,1629.059121
1936,191417.1929,190167.06,1250.13294,179136.0979,11030.96211
1937,182034.438,185789.64,3755.202001,196595.5682,10805.92824
1938,178313.6225,172341.1,5972.522545,194822.3657,22481.26569
1939,290405.5007,231459.22,58946.28069,148356.6694,83102.55056
1940,191307.6943,192179.28,871.585728,160387.6043,31791.67574
1941,162663.6643,175882.75,13219.08575,181276.5006,5393.750572
1942,201617.651,189721.8,11895.85095,192474.8179,2753.017899
1943,218508.3451,206743.84,11764.50515,157699.9078,49043.9322
1944,370230.1421,338733.25,31496.89214,215785.5408,122947.7092
1945,407171.084,396645.03,10526.05403,181824.301,214820.729
1946,132929.103,139639.64,6710.537001,221813.0095,82173.36948
1947,335781.6472,320640.72,15140.92722,165281.2926,155359.4274
1948,146503.3129,159015.42,12512.1071,255629.4905,96614.07047
1949,243314.5472,239118.55,4195.997186,173154.591,65963.95901
1950,179327.0356,182435.38,3108.344367,183884.6525,1449.272465
1951,246123.7084,269352.1,23228.39165,200210.3536,69141.74639
1952,207523.6032,202712.55,4811.053157,186599.2213,16113.32873
1953,168842.0173,164779.75,4062.267289,192718.5327,27938.7827
1954,187173.2252,189214.78,2041.554769,178628.666,10586.11405
1955,126995.9815,126751.59,244.3914617,180650.3424,53898.75242
1956,290835.0029,293693.34,2858.33706,206003.1079,87690.23205
1957,157507.6585,150590.92,6916.738537,166457.6784,15866.75845
1958,310753.7642,320157.62,9403.855842,202916.2217,117241.3983
1959,154643.8128,136010.48,18633.33278,192463.97,56453.48998
1960,122395.7738,118005.55,4390.223844,171775.4972,53769.94719
1961,123846.959,120220.38,3626.578996,175249.2221,55028.84215
1962,97454.35425,91051.57,6402.784248,147086.5989,56035.02894
1963,106115.884,99133.18,6982.703986,149709.6721,50576.4921
1964,104529.0546,108579.83,4050.775396,171411.4045,62831.57453
1965,120149.1588,149977.36,29828.2012,178188.9648,28211.6048
1966,125525.8062,148127.17,22601.36385,156491.7114,8364.541373
1967,294274.0383,291319.97,2954.068341,180953.2412,110366.7288
1968,425771.835,422996.28,2775.554998,203909.7591,219086.5209
1969,368022.5614,401614.22,33591.65863,175470.1491,226144.0709
1970,408222.1486,467445.6,59223.45142,205578.3336,261867.2664
1971,450614.9712,460477.28,9862.308756,199428.8577,261048.4223
1972,376711.6479,377056.06,344.4121477,187599.1639,189456.8961
1973,256592.9087,263482.16,6889.251305,192265.1981,71216.96189
1974,329799.5404,317754.3,12045.24039,196666.5549,121087.7451
1975,497737.5091,458848.28,38889.22907,155537.8623,303310.4177
1976,278621.0361,275516.2,3104.836071,169543.2406,105972.9594
1977,373398.337,348566.8,24831.53701,202487.0102,146079.7898
1978,358483.404,380703.28,22219.87599,208232.7163,172470.5637
1979,315747.7219,329139.12,13391.39807,173621.1952,155517.9248
1980,184840.4111,197263.14,12422.72892,172414.6086,24848.53143
1981,334775.1724,372370.12,37594.94762,164400.7564,207969.3636
1982,224616.0948,222880.58,1735.5148,160480.424,62400.15598
1983,210248.7465,208317.28,1931.466481,156060.8538,52256.42619
1984,161825.6546,165813.7,3988.045427,157437.1928,8376.507179
1985,212413.6898,201680.14,10733.54977,158163.7209,43516.41907
1986,211653.0104,202927.25,8725.760356,154849.0433,48078.20673
1987,189262.3146,183556.66,5705.654575,152186.6093,31370.05066
1988,167793.6807,178820.08,11026.39934,180340.2154,1520.135399
1989,188843.006,187076.53,1766.475962,178344.6245,8731.905486
1990,202971.141,208440.89,5469.74895,190170.3823,18270.50773
1991,229185.7022,228771.58,414.1222367,168092.9755,60678.60452
1992,214079.2868,214058.39,20.89682954,178757.9126,35300.47743
1993,168335.5421,168396,60.45792641,174518.2569,6122.256882
1994,240009.648,231201.77,8807.87801,198168.4901,33033.27988
1995,179867.0127,177471.12,2395.89266,176882.694,588.4260211
1996,235342.8913,251217.22,15874.32867,183801.6729,67415.5471
1997,278860.2373,308488.6,29628.36265,196400.0467,112088.5533
1998,316470.3331,351138.56,34668.22694,172281.605,178856.955
1999,249006.3538,268779.88,19773.52619,196380.3663,72399.5137
2000,314719.6998,313889.16,830.5398492,198228.3543,115660.8057
2001,244768.1885,259419.27,14651.0815,195556.5813,63862.68873
2002,263313.4146,224994.22,38319.19463,186453.2645,38540.95553
2003,263549.0865,252887.6,10661.48655,181869.3812,71018.2188
2004,288907.8506,257816.86,31090.99065,175610.8401,82206.01988
2005,232195.3459,210743.12,21452.2259,183438.7308,27304.3892
2006,223391.8596,248879.8,25487.94039,179584.4887,69295.31133
2007,254663.0715,254532.42,130.6515258,182386.1522,72146.26776
2008,216818.1279,224865.72,8047.592063,160750.3672,64115.35276
2009,192327.6324,193921.12,1593.487608,182477.505,11443.61495
2010,188782.005,188328.88,453.1250151,187720.3592,608.5207928
2011,136533.2047,132214.28,4318.924686,187201.9421,54987.66208
2012,169420.3976,184595.03,15174.63236,176385.1022,8209.927765
2013,174874.0207,185448.88,10574.85927,175901.7878,9547.092159
2014,185457.2927,189884.89,4427.597281,182584.2802,7300.609802
2015,215018.7315,203504.78,11513.95148,195664.6861,7840.093896
2016,191821.1319,196278.31,4457.17812,181420.3465,14857.96351
2017,193105.3074,200772.23,7666.92264,176676.05,24096.18005
2018,112998.977,124648.98,11650.00296,181594.6789,56945.69887
2019,130783.4808,131874.27,1090.789174,178521.748,46647.47796
2020,110608.4872,108341.61,2266.877233,175895.8837,67554.27373
2021,102580.8623,107972.445,5391.582675,168468.0059,60495.56092
2022,181632.9393,174969.8,6663.139287,200973.1294,26003.32945
2023,146802.5801,148480.06,1677.479946,197030.642,48550.58199
2024,252120.2143,238321.95,13798.2643,192867.4178,45454.53216
2025,326055.8719,352481.62,26425.7481,196449.2476,156032.3724
2026,185321.9906,179531.44,5790.550635,141684.1964,37847.2436
2027,156372.6648,150038.88,6333.784788,153353.3341,3314.454124
2028,135394.6461,154345.4,18950.75393,151143.549,3201.850983
2029,170991.1688,168823.89,2167.278788,163753.0871,5070.802886
2030,271251.8683,279687.7,8435.83172,158682.46,121005.24
2031,232360.1939,226542.3,5817.893856,144959.8353,81582.46475
2032,242524.6009,255343.5,12818.89906,160144.3905,95199.10945
2033,252556.4801,268069.25,15512.76986,156286.5343,111782.7157
2034,157725.4328,160041.3,2315.867171,165726.7076,5685.40762
2035,222114.4661,204364.81,17749.65614,182427.481,21937.32895
2036,196199.3212,194299.69,1899.631212,173310.5615,20989.12846
2037,205741.9416,203527.69,2214.251552,173310.5615,30217.12846
2038,276319.5047,300458.6,24139.0953,151556.014,148902.586
2039,212714.5835,232399.48,19684.89654,158908.1461,73491.33393
2040,271304.8087,308866,37561.19133,209834.3831,99031.61691
2041,294367.4232,286852.72,7514.703241,192410.5166,94442.20345
2042,207406.5637,199904.27,7502.293699,174026.2473,25878.02271
2043,178168.0395,168716.86,9451.179462,195499.8301,26782.97012
2044,156208.8382,166304.8,10095.9618,200918.0188,34613.21881
2045,208434.4495,206318.6,2115.849486,207243.616,925.016024
2046,152130.2125,131081.06,21049.1525,196149.7839,65068.72385
2047,146543.5109,148230.48,1686.969059,192097.9149,43867.43485
2048,127730.5973,137911.72,10181.12274,178570.9489,40659.22892
2049,139574.5903,131097.94,8476.650278,228617.9683,97520.02833
2050,162769.3701,184793.89,22024.51987,199929.8844,15135.99444
2051,85606.32967,105933.445,20327.11533,160206.3656,54272.92061
2052,108115.7543,139574,31458.24569,179854.4319,40280.43189
2053,146034.9167,148425.12,2390.203302,185987.3405,37562.22046
2054,133479.2875,90368.586,43110.70149,161122.5056,70753.91961
2055,178140.5509,161026.02,17114.53094,175949.3427,14923.32272
2056,134118.9599,141831.75,7712.790051,183683.5906,41851.8406
2057,103145.8338,120066.84,16921.0062,176401.3476,56334.50762
2058,208146.1132,218270.33,10124.21683,205832.5325,12437.79747
2059,123026.4741,128220.27,5193.795921,177799.7998,49579.52985
2060,169963.8239,167038.2,2925.62394,167565.3621,527.1620804
2061,172627.7464,179802.84,7175.093623,186348.9584,6546.118437
2062,133308.252,134538,1229.748015,179782.7595,45244.75947
2063,132604.5887,118874.39,13730.19874,169837.6233,50963.23333
2064,138734.884,140668.83,1933.946025,178817.2757,38148.44568
2065,117665.2508,120569.43,2904.179217,174444.4791,53875.04915
2066,155299.7207,169153.62,13853.89932,192834.9689,23681.34892
2067,79479.60125,111802.31,32322.70875,196564.718,84762.40798
2068,148562.3356,121853.35,26708.98562,206977.567,85124.21704
2069,83499.25094,89183.39,5684.13906,157054.2539,67870.86394
2070,108691.091,114687.586,5996.494982,175142.9481,60455.36208
2071,88308.95934,99661.65,11352.69066,159932.1644,60270.51437
2072,109788.9424,129068.27,19279.3276,182801.4083,53733.13833
2073,135324.0114,136408.5,1084.488597,181510.3752,45101.87518
2074,190192.9333,182722.84,7470.093303,181613.0351,1109.804871
2075,148262.3665,143498.84,4763.526493,186920.5126,43421.6726
2076,112914.6981,115519.766,2605.067949,157950.1706,42430.40463
2077,168249.8888,155056.81,13193.07875,176115.159,21058.34902
2078,126589.9501,123316.9,3273.050102,182744.5143,59427.61434
2079,125919.0481,130524.96,4605.91192,180660.6837,50135.72369
2080,130488.6849,114974.4,15514.28488,160775.6298,45801.22978
2081,136202.5137,120674.11,15528.40368,186711.7158,66037.60585
2082,119430.9255,128518.62,9087.694525,223581.7582,95063.13819
2083,153735.2294,144797.94,8937.289413,172330.9432,27533.00324
2084,123979.3918,111588.52,12390.87176,163474.6334,51886.11339
2085,116977.3081,123273.27,6295.961939,175308.2633,52034.9933
2086,92062.92759,122843.98,30781.05241,187462.7253,64618.74531
2087,96649.98687,120283.45,23633.46313,180655.1015,60371.65154
2088,96433.7755,95672.31,761.465498,152121.986,56449.67603
2089,77949.85113,77877.57,72.28113384,159856.2339,81978.66391
2090,107081.8622,126298.13,19216.26776,186559.8549,60261.72494
2091,88629.74079,120335.55,31705.80921,183962.551,63627.00096
2092,120168.1328,119844.56,323.5728098,162107.1687,42262.6087
2093,121515.0998,121905.31,390.2102496,162582.289,40676.97898
2094,107663.0247,117304.266,9641.241339,154407.7016,37103.4356
2095,121385.3304,147326.81,25941.47963,181625.6664,34298.8564
2096,81105.00869,82882.914,1777.90531,164810.6095,81927.69547
2097,81439.77662,101684.52,20244.74338,176429.4012,74744.88124
2098,138356.8075,142121.11,3764.30255,179188.0899,37066.97993
2099,60465.34369,56416.55,4048.793689,145997.6354,89581.08538
2100,52861.49124,83993.91,31132.41876,218676.7683,134682.8583
2101,113254.1801,114361.125,1106.9449,188323.8612,73962.73621
2102,106835.9801,130309.164,23473.18387,168690.0723,38380.90829
2103,82347.4387,108995.34,26647.9013,165088.7468,56093.4068
2104,126795.3713,118220.36,8575.011292,191435.0079,73214.64789
2105,120468.3349,126244.79,5776.455102,168864.4047,42619.61466
2106,78572.27271,70939.086,7633.186712,176041.8824,105102.7964
2107,170709.5531,217409.02,46699.4669,215911.6744,1497.34561
2108,117010.2611,119479.836,2469.57487,167388.2386,47908.40263
2109,104224.878,116016.7,11791.82198,163854.7868,47838.08675
2110,118944.2084,126085.96,7141.751602,163299.478,37213.51798
2111,150472.2476,153176.4,2704.152411,178298.2146,25121.81463
2112,139163.795,139148.56,15.23504755,176376.5862,37228.02616
2113,124074.3382,122146.086,1928.252206,170211.044,48064.95798
2114,145320.1654,108665.6,36654.5654,170818.3448,62152.74479
2115,171335.6569,154502.55,16833.1069,174388.8674,19886.31743
2116,110496.6074,118613.02,8116.412575,161112.9874,42499.96737
2117,150594.7872,148358.75,2236.037239,172179.0823,23820.33233
2118,120801.8994,118969.77,1832.129397,157798.3097,38828.53971
2119,120892.4467,105830.85,15061.59668,169106.1514,63275.30142
2120,113616.7555,113392.73,224.0254745,170129.5314,56736.80136
2121,108083.0781,107129.64,953.4381191,157680.2274,50550.58741
2122,128824.438,113735.73,15088.70804,162690.2091,48954.47913
2123,80288.03428,84758.76,4470.725716,146968.3794,62209.61937
2124,160998.0417,164795.47,3797.428335,181507.7214,16712.25137
2125,116649.1992,121540.92,4891.720771,191215.5898,69674.66975
2126,123414.3217,158590.47,35176.1483,189432.6898,30842.21984
2127,147722.3285,142044.69,5677.638511,207271.485,65226.79496
2128,129054.8265,132371.73,3316.903542,170030.8075,37659.07749
2129,88430.48813,104228.24,15797.75187,148409.8065,44181.56648
2130,137640.9819,146399.2,8758.218126,193850.614,47451.41398
2131,128809.0455,142555.62,13746.57447,193808.3193,51252.6993
2132,102069.3456,112659.53,10590.18442,166300.2354,53640.70538
2133,104831.3016,120589.09,15757.78842,163474.6334,42885.54339
2134,117373.4894,121445.33,4071.840578,177473.6066,56028.27656
2135,72739.67372,99152.375,26412.70128,157443.9255,58291.55054
2136,77521.43639,79370.2,1848.763607,180681.008,101310.808
2137,96082.41456,118012.19,21929.77544,183463.1703,65450.9803
2138,136519.0821,144530.16,8011.077895,182481.7631,37951.60308
2139,147414.4802,151040.53,3626.049778,193717.1512,42676.62118
2140,151264.0907,142007.7,9256.390743,182782.551,40774.85099
2141,159344.3157,146930.98,12413.33574,175530.6516,28599.67163
2142,135193.0354,133722.02,1471.015368,177804.0579,44082.03788
2143,154500.8507,142286.97,12213.88067,159448.6708,17161.70085
2144,149112.0413,111277.57,37834.47132,181338.9767,70061.40672
2145,138014.9657,141051.95,3036.984268,178553.5585,37501.60854
2146,162314.9742,168143.73,5828.755844,162820.9283,5322.801735
2147,123262.3823,140959.58,17697.1977,188832.48,47872.9
2148,148543.7894,129313.21,19230.57935,164682.1859,35368.9759
2149,164653.9654,149668.73,14985.23538,181549.7359,31881.00594
2150,204508.3022,216665.31,12157.00785,199158.097,17507.21299
2151,114563.5775,124952.836,10389.25852,152889.521,27936.68499
2152,162412.5019,163380.05,967.5481456,181150.5517,17770.50168
2153,163646.4004,161087.61,2558.790382,181416.7324,20329.12238
2154,117446.6524,110277,7169.652391,164391.2382,54114.23818
2155,132983.6796,130504.17,2479.509556,185421.0465,54916.8765
2156,254973.6959,257107.75,2134.054063,193981.3276,63126.42245
2157,240877.4915,228953.17,11924.32146,178824.3248,50128.84521
2158,229858.2131,237477.97,7619.756911,209270.0516,28207.91839
2159,210597.3986,193952.94,16644.45861,177801.2668,16151.67319
2160,172958.2806,167181.31,5776.970575,179053.7622,11872.45224
2161,234192.4581,240581.56,6389.101861,178762.1706,61819.3894
2162,342519.2812,433977,91457.71879,184655.3005,249321.6995
2163,321399.9231,361691.84,40291.91687,191284.6558,170407.1842
2164,239929.5162,243915.92,3986.403794,179598.0858,64317.83418
2165,184152.0384,201943.62,17791.58164,167517.6281,34425.99192
2166,162832.6058,148234.86,14597.7458,182873.9038,34639.04379
2167,220997.2703,223114.1,2116.82971,177484.9137,45629.18629
2168,201502.5041,196229.66,5272.844135,188444.5973,7785.06268
2169,190610.6106,195896.83,5286.219396,179184.1538,16712.67615
2170,223503.0121,210823.53,12679.48209,184365.1758,26458.35422
2171,148710.6953,145885.75,2824.945305,184479.322,38593.57201
2172,121610.1247,142334.73,20724.60532,182927.8639,40593.13387
2173,151579.9823,146983.97,4596.012272,178611.6394,31627.66937
2174,227589.1409,231925,4335.859092,181943.3436,49981.65639
2175,287127.9207,301650.7,14522.77931,175080.6148,126570.0852
2176,309301.6328,342140.62,32838.98717,190720.7946,151419.8254
2177,242078.4438,248840.4,6761.956199,198422.8681,50417.53186
2178,201211.4578,208265.03,7053.572187,184482.1131,23782.91692
2179,140845.341,136928.03,3917.310976,139214.9522,2286.922188
2180,218889.9951,197798.7,21091.2951,169233.1136,28565.5864
2181,196383.7463,192083.1,4300.64627,180664.1187,11418.98131
2182,232030.8449,212361.98,19668.86485,178818.7426,33543.23737
2183,190724.465,198149.69,7425.225015,180422.05,17727.64003
2184,110954.5134,132729.6,21775.08655,178601.9365,45872.33646
2185,111208.137,125322.32,14114.18295,183083.1598,57760.83978
2186,144858.7973,136236.38,8622.417313,173163.1015,36926.7215
2187,146009.7408,156411.02,10401.27921,185968.1612,29557.14116
2188,144302.4362,154219.61,9917.173786,171226.0507,17006.44068
2189,154569.8755,188073.47,33503.59454,281643.9761,93570.50612
2190,79367.14669,80280.69,913.5433119,160031.7113,79751.02128
2191,75576.2242,81128.47,5552.245801,162775.9798,81647.50978
2192,101468.2339,89242.44,12225.79395,160735.446,71493.00597
2193,106542.9252,103964.766,2578.159196,166646.109,62681.34305
2194,93675.92812,105425.19,11749.26188,188384.5484,82959.35844
2195,122537.4873,111295.62,11241.86733,165830.6973,54535.07726
2196,103736.7059,114909.5,11172.79415,182138.3585,67228.85853
2197,111806.1573,121186.055,9379.897746,171595.398,50409.34298
2198,145359.2682,156503.97,11144.70178,160337.0792,3833.109184
2199,159964.7293,175514.45,15549.72073,191215.0887,15700.63867
2200,144290.0816,145638.03,1347.948416,166956.0932,21318.06323
2201,126560.6216,140409.22,13848.59842,186581.8309,46172.61088
2202,225495.6178,224606.39,889.2278296,176450.5486,48155.84142
2203,117819.9657,146536.1,28716.13432,193743.1949,47207.09491
2204,146939.5115,178507.08,31567.56847,198882.5661,20375.48608
2205,93468.71082,106548.96,13080.24918,176385.1022,69836.14224
2206,131371.2393,136841.22,5469.980724,162447.6393,25606.41933
2207,215667.0916,195152.64,20514.45156,193782.5557,1370.084323
2208,248281.0608,244058.1,4222.960767,183653.8909,60404.2091
2209,254959.2323,201815.02,53144.21233,210578.6235,8763.603547
2210,129292.0841,118412.29,10879.79413,158527.1641,40114.87411
2211,103407.4284,114009.72,10602.29162,163081.0257,49071.30572
2212,101758.0291,115099.13,13341.10093,174388.8674,59289.73743
2213,99087.31096,110455.73,11368.41904,191905.8701,81450.14013
2214,123540.4132,124192.03,651.6167569,174388.8674,50196.83743
2215,86088.54352,111282.984,25194.44048,161642.7116,50359.72765
2216,147819.6525,137948.3,9871.35247,186939.5072,48991.20722
2217,74559.68414,77743.77,3184.085859,172482.1658,94738.39579
2218,63817.3981,90572.3,26754.9019,159695.9998,69123.69976
2219,61870.15732,79165.03,17294.87268,157230.3697,78065.33967
2220,74693.67739,81115.24,6421.562605,179188.0899,98072.84993
2221,280624.2507,329547.78,48923.52925,157972.8212,171574.9588
2222,261333.7787,249974.02,11359.75871,156804.9514,93169.06857
2223,299588.1809,267893.44,31694.74093,211491.9725,56401.46754
2224,207888.3638,204473.6,3414.763797,186537.2462,17936.3538
2225,97496.82264,126535.766,29038.94336,200468.1611,73932.39507
2226,200910.3813,176726.8,24183.58129,182241.3404,5514.540444
2227,194169.2185,201794.42,7625.201547,157342.2259,44452.1941
2228,257507.0194,279341.12,21834.10063,182022.3871,97318.73289
2229,246041.6786,238992.02,7049.658603,181244.5109,57747.50912
2230,160041.7465,160271.02,229.2735083,178556.6716,18285.65157
2231,205079.6998,226727.73,21648.0302,189547.1999,37180.53012
2232,177684.2691,173194.73,4489.539086,187948.6517,14753.92166
2233,178107.864,161936.16,16171.70401,194107.2876,32171.12757
2234,239058.2521,240228.72,1170.46788,183521.7104,56707.00963
2235,233744.2371,220525.03,13219.20714,183682.1236,36842.90636
2236,267711.0896,272490,4778.910447,178483.3531,94006.64693
2237,342939.2684,347998.2,5058.931642,184003.8798,163994.3202
2238,209080.8093,204091.16,4989.649318,171318.5903,32772.56967
2239,114220.5801,111141.6,3078.980118,162039.7543,50898.15431
2240,160229.763,156585.94,3643.822971,154846.2522,1739.687809
2241,136893.2191,157779.16,20885.94088,194822.3657,37043.20569
2242,124894.353,132009.03,7114.676982,169788.7388,37779.70877
2243,122787.7963,121011.78,1776.016331,178891.5545,57879.77449
2244,113133.1311,100018.05,13115.08106,152084.7724,52066.72243
2245,113661.0208,100647.555,13013.46576,139169.8664,38522.31143
2246,138459.3016,140804.92,2345.618444,192439.536,51634.61604
2247,112267.8401,99013.375,13254.46509,161067.8598,62054.48477
2248,126050.9733,124689.64,1361.333324,158762.6485,34073.0085
2249,114349.797,124787.07,10437.273,175569.6904,50782.62044
2250,121653.393,134600.11,12946.71696,183659.795,49059.68501
2251,84311.46003,107457.586,23146.12597,280618.1326,173160.5466
2252,203369.2549,169391.89,33977.36487,180051.8092,10659.91915
2253,153167.7715,156293.38,3125.608454,176519.1803,20225.80032
2254,184434.5497,188232.27,3797.720253,179028.4292,9203.84079
2255,180296.786,196555.17,16258.38404,177161.5839,19393.58614
2256,174808.542,187850.47,13041.92796,180081.5088,7768.96115
2257,218390.0061,197131.86,21258.14606,205895.2546,8763.394585
2258,163135.6775,170803.19,7667.5125,183389.7813,12586.59131
2259,178680.0614,182184.14,3504.078626,178543.6479,3640.49214
2260,171459.5664,156643.44,14816.12644,194798.3205,38154.8805
2261,188366.0573,187664.42,701.6373469,162845.6137,24818.80632
2262,219391.0031,215849.02,3541.983143,148103.867,67745.15299
2263,405934.7455,366099.88,39834.86554,201016.1711,165083.7089
2264,473644.9582,448389.66,25255.2982,277936.1269,170453.5331
2265,151359.5004,157566.83,6207.329598,249768.2798,92201.44982
2266,314261.5716,299091.47,15170.10164,161596.0522,137495.4178
2267,422990.248,335845.06,87145.18798,158011.1149,177833.9451
2268,383624.4662,396674.16,13049.69377,194089.6839,202584.4761
2269,145011.2153,151036.94,6025.724708,181733.3369,30696.39694
2270,194923.093,190050.48,4872.612953,182852.3277,7198.152278
2271,210911.019,216751.9,5840.881011,189893.0031,26858.89694
2272,167755.4778,194025.83,26270.35221,194650.211,624.3809799
2273,159099.722,161229.62,2129.898013,187904.4613,26674.84129
2274,189382.3717,179533.83,9848.541665,171774.9256,7758.904377
2275,156122.7519,154376.31,1746.441932,177998.6859,23622.37592
2276,182973.7492,192904.6,9930.850811,175648.4843,17256.11567
2277,180032.4845,179402.05,630.4345391,196918.0714,17516.02136
2278,150852.9592,148349.56,2503.399185,184299.8381,35950.27807
2279,113983.8679,129951.875,15968.00711,182379.8557,52427.98068
2280,128790.8848,120606.805,8184.079811,184050.7258,63443.9208
2281,163366.0027,174536.98,11170.97727,158296.976,16240.00403
2282,181915.5498,189570.23,7654.680247,175053.3556,14516.87445
2283,105998.0968,97560.88,8437.216823,162293.3761,64732.49609
2284,104574.3256,112778.75,8204.424383,186328.88,73550.13005
2285,132104.0121,147951.97,15847.95791,151422.1169,3470.146937
2286,122348.829,125199.16,2850.33099,181969.3587,56770.19871
2287,346277.9423,349181.34,2903.397663,189122.677,160058.663
2288,280633.9446,277628.38,3005.564613,185645.4752,91982.90478
2289,398359.9743,403723.22,5363.245677,182829.8981,220893.3219
2290,464936.7333,457651.72,7285.013311,195848.7882,261802.9318
2291,321816.7862,324307.72,2490.933772,198785.0596,125522.6604
2292,411769.0499,437598.94,25829.8901,181676.1266,255922.8134
2293,454701.0596,458174.9,3473.840399,194131.0127,264043.8873
2294,429099.0752,446993.5,17894.42482,201416.0049,245577.4951
2295,501475.5976,446552.94,54922.65762,185096.5772,261456.3628
2296,281313.3117,276561.84,4751.47174,195158.9726,81402.8674
2297,313278.4741,318697.84,5419.365924,184795.7837,133902.0563
2298,334456.2071,316263.25,18192.95707,189168.2639,127094.9861
2299,361721.6522,417846.6,56124.94782,216855.2601,200991.3399
2300,353136.6929,321364.4,31772.29292,184946.6425,136417.7575
2301,299016.8919,268437.66,30579.23191,189317.5128,79120.14718
2302,261088.8183,236452.2,24636.61829,180803.2778,55648.92216
2303,253337.1853,230595.33,22741.85529,175061.1859,55534.14414
2304,248730.4996,236483.78,12246.71961,179074.8391,57408.94091
2305,208732.0317,169116.52,39615.51168,145708.7643,23407.75566
2306,203717.8304,169189.11,34528.7204,142398.0228,26791.08725
2307,203216.6349,181645.62,21571.01486,161474.5349,20171.08514
2308,262595.7972,217958.94,44636.85723,157025.9452,60932.99484
2309,275868.8911,270730.94,5137.95107,163424.0378,107306.9022
2310,214885.6973,210098.75,4786.947273,164692.7786,45405.97135
2311,200844.9834,179405.8,21439.18342,152163.2444,27242.55565
2312,173602.1364,172957.55,644.5863621,192383.2155,19425.66549
2313,172596.6608,175402.34,2805.679165,182520.2303,7117.890322
2314,178129.2562,169723.72,8405.536199,187254.5075,17530.78755
2315,176898.3635,178283.19,1384.826541,176489.6597,1793.53026
2316,200875.4039,184645.56,16229.84394,181520.4668,3125.093159
2317,208262.864,172796.64,35466.22397,186414.9782,13618.33821
2318,177144.9821,181079.17,3934.187898,185197.7646,4118.59464
2319,179973.0459,178286.75,1686.295882,178657.7941,371.0440837
2320,188128.5436,190237.08,2108.536404,179731.198,10505.88198
2321,225495.0035,235653.94,10158.93653,161748.2713,73905.66868
2322,189751.9423,165983.62,23768.3223,158608.7491,7374.870931
2323,188329.2988,183714.97,4614.328842,178807.3706,4907.59944
2324,169267.1221,166017.19,3249.932131,184187.1588,18169.9688
2325,219180.0367,207271.14,11908.8967,181686.104,25585.03598
2326,172399.6573,167049.67,5349.9873,190311.0502,23261.38023
2327,199192.6877,206190.73,6998.042331,192252.4964,13938.23365
2328,219196.1986,227330.72,8134.521422,193954.8495,33375.87047
2329,195529.7399,187911.75,7617.989949,181044.2016,6867.548439
2330,182625.5771,175707.39,6918.187106,180258.1312,4550.74122
2331,330403.3744,391203.44,60800.06565,199641.6573,191561.7827
2332,393266.1482,399643.5,6377.351759,197530.7752,202112.7248
2333,316110.0054,304626.3,11483.70545,191777.1969,112849.1031
2334,242412.5812,255304.78,12892.19885,195779.543,59525.23697
2335,252880.3906,272434.12,19553.72936,202112.0465,70322.07348
2336,305353.5421,334740.6,29387.05786,192343.3481,142397.2519
2337,211874.0325,208701.06,3172.9725,185191.3594,23509.70056
2338,278921.33,275753.84,3167.489996,186760.208,88993.63203
2339,219080.6157,207618.73,11461.88573,177733.7819,29884.94806
2340,410822.7706,405079.62,5743.150621,164430.3912,240649.2288
2341,233052.3654,206975.84,26076.52543,185299.6016,21676.23845
2342,247966.871,226801.48,21165.39095,186414.0123,40387.46766
2343,239278.0051,222491.52,16786.48512,176401.9211,46089.59895
2344,219660.5792,223006.45,3345.870793,182381.3226,40625.12736
2345,241487.8642,235520.47,5967.394226,176334.1847,59186.28529
2346,217951.4951,225363.38,7411.88488,184901.7358,40461.64415
2347,201755.0415,210523.77,8768.728545,180085.7669,30438.00311
2348,243593.8137,237007.36,6586.453672,184901.7358,52105.62415
2349,177732.756,170358.42,7374.335987,183967.5615,13609.14155
2350,298361.0577,279694.06,18666.9977,193046.3016,86647.75843
2351,248343.2215,258905.42,10562.19852,168538.9695,90366.4505
2352,261668.6981,257771.12,3897.57807,170157.842,87613.27798
2353,259557.502,234120.61,25436.89196,196559.7093,37560.90074
2354,144319.0827,121583.234,22735.84867,177133.7094,55550.47536
2355,146032.3203,142439.03,3593.290316,181553.2796,39114.24958
2356,141508.7234,151078.28,9569.556575,185770.6066,34692.32663
2357,189592.3623,206641.73,17049.36773,177017.5951,29624.1349
2358,197521.9499,200483.7,2961.750071,184123.3585,16360.34146
2359,112050.1347,122385.234,10335.09928,165970.3575,43585.12349
2360,115044.2231,117773.38,2729.156889,158151.985,40378.60505
2361,147322.8864,137583.17,9739.716388,177086.4764,39503.30644
2362,290299.9822,274857.47,15442.51216,196373.8962,78483.57382
2363,122698.3147,145272.52,22574.20529,172465.7071,27193.18708
2364,152621.1129,159711.66,7090.547074,168590.7824,8879.12241
2365,227719.9928,221195.47,6524.522788,158820.4742,62374.99583
2366,180524.7874,189207.75,8682.962588,151611.3706,37596.37942
2367,218378.651,214894.55,3484.100966,152125.0286,62769.52141
2368,211994.7404,199484.9,12509.84041,158404.0731,41080.82692
2369,211352.8782,217355.73,6002.851776,160692.0786,56663.65136
2370,169121.5773,178590.84,9469.262744,170175.2268,8415.613158
2371,172541.3867,167165.22,5376.166687,169854.4366,2689.216591
2372,185489.5564,183977.1,1512.456449,183410.7858,566.314181
2373,258661.2977,279573.8,20912.50235,180347.194,99226.60597
2374,308869.8914,323946.06,15076.16862,178930.5284,145015.5316
2375,221616.1367,260590.38,38974.24331,153346.2201,107244.1599
2376,307380.8352,293585.53,13795.30516,182675.2043,110910.3257
2377,350296.7441,368705.3,18408.55592,180770.6498,187934.6502
2378,167677.3538,147061.78,20615.57383,188714.1481,41652.36809
2379,185212.8905,177201.38,8011.510504,191393.6086,14192.22859
2380,150496.8335,141864.22,8632.613474,174016.1575,32151.93749
2381,162724.8549,164550.94,1826.085136,183189.6853,18638.74532
2382,178255.9128,203041.47,24785.55721,183621.5088,19419.96124
2383,214338.1936,200584.69,13753.50359,168991.2964,31593.39364
2384,269420.1714,247754.94,21665.23144,185306.6507,62448.28933
2385,161346.2001,160812.55,533.6501377,189030.6803,28218.1303
2386,125032.091,139601.69,14569.59896,179208.6657,39606.9757
2387,141590.7384,143008.39,1417.651619,174901.4528,31893.06279
2388,97257.68241,94655.125,2602.557413,168337.4065,73682.28154
2389,119855.4162,123294.44,3439.02383,158234.9646,34940.52462
2390,161113.7353,148185.67,12928.0653,179562.4534,31376.78337
2391,140533.5621,140740.89,207.3279077,174176.3916,33435.50164
2392,112526.45,117327.09,4800.640025,173931.5318,56604.44185
2393,189289.8381,160497.08,28792.75808,184111.7294,23614.64943
2394,144473.4732,141711.42,2762.05315,179374.482,37663.062
2395,213282.823,210428.81,2854.012961,207348.8119,3079.998115
2396,128864.3931,145483.8,16619.40688,186983.4193,41499.61934
2397,234197.9907,217661.08,16536.91072,206779.094,10881.98595
2398,117176.3701,128470.95,11294.57992,177472.0747,49001.12468
2399,86630.21573,51444.34,35185.87573,156727.9483,105283.6083
2400,94985.12088,49967.74,45017.38088,157090.5685,107122.8285
2401,141608.5228,112750.57,28857.95277,160387.0327,47636.4627
2402,130607.562,139817.53,9209.968017,172410.2801,32592.75005
2403,153841.7803,131149.84,22691.94027,191603.3657,60453.52566
2404,144831.1914,152217.9,7386.708551,182152.2072,29934.30715
2405,151475.9704,162896.81,11420.8396,180161.6973,17264.88734
2406,139521.992,141128.66,1606.667956,169652.2353,28523.57528
2407,120187.2156,128911.06,8723.844425,182503.5201,53592.46014
2408,150473.2237,144361.95,6111.273749,179714.6307,35352.68068
2409,118396.7236,128812.5,10415.77644,180282.5707,51470.07072
2410,160381.9993,161484.9,1102.900663,192600.3381,31115.43806
2411,120017.0647,121546.484,1529.419335,166115.4912,44569.00725
2412,149033.7933,154839.73,5805.936689,186379.5535,31539.82352
2413,132726.2681,134062.95,1336.681882,184361.9923,50299.04226
2414,139179.502,139352.28,172.7780242,186220.9655,46868.68546
2415,132661.0964,125232.71,7428.386363,198176.4709,72943.76091
2416,129581.6498,133657.64,4075.990166,168437.7765,34780.1365
2417,122276.9379,128745.32,6468.382062,178003.5823,49258.26231
2418,125009.5079,132233.56,7224.052133,179180.4692,46946.90924
2419,131529.6619,122036.29,9493.371928,191930.5611,69894.2711
2420,125685.552,125111.664,573.8880111,175590.2662,50478.60221
2421,146166.4212,144527.53,1638.891175,176713.1931,32185.66307
2422,93340.282,117703.99,24363.708,180159.0909,62455.10095
2423,85067.17886,118326.836,33259.65714,188090.1008,69763.26481
2424,161784.9292,146319.92,15465.00924,186184.7177,39864.79773
2425,205578.069,195568.86,10009.209,223055.5887,27486.72867
2426,121255.4595,132637.22,11381.76048,158270.7531,25633.53312
2427,120670.3251,148355.5,27685.17492,184733.1285,36377.62847
2428,152317.5869,170451.06,18133.4731,199926.379,29475.31896
2429,110443.6594,116824.984,6381.324608,175075.7852,58250.80117
2430,132484.3008,127408.34,5075.960767,180917.9251,53509.58515
2431,107867.5606,99829.45,8038.110637,182067.7606,82238.31063
2432,151230.0304,142815.12,8414.910391,178238.6019,35423.48192
2433,139291.5276,152437.42,13145.89245,173454.9446,21017.52461
2434,138761.1274,140039.05,1277.922562,176821.9363,36782.88626
2435,155798.1808,145391.16,10407.02077,183642.1913,38251.0313
2436,92931.08891,113509.47,20578.38109,177254.5827,63745.11274
2437,103585.6695,106418.164,2832.494505,168715.9501,62297.78611
2438,118552.7509,127183.266,8630.515115,180096.9312,52913.6652
2439,86183.14516,112474.99,26291.84484,160620.7282,48145.73818
2440,109791.669,121330.26,11538.59105,175286.5444,53956.28439
2441,92349.07329,89778.36,2570.713292,153494.7833,63716.42328
2442,89202.82986,104458.41,15255.58014,156407.6592,51949.24916
2443,112731.7645,123741.945,11010.18054,162162.5252,38420.58025
2444,123671.6777,130184.33,6512.652262,166809.8868,36625.55683
2445,87668.61795,82337.1,5331.517954,172929.1564,90592.05641
2446,140619.6971,134451.94,6167.757115,193514.3309,59062.39089
2447,165520.4824,179005.72,13485.23762,181612.1416,2606.421604
2448,109787.5961,133255.95,23468.35394,191745.3864,58489.43638
2449,115416.8485,108165.484,7251.364469,171369.325,63203.84104
2450,134984.174,149120.62,14136.44596,184425.4706,35304.85057
2451,115704.2277,128648.73,12944.50228,170563.2524,41914.52236
2452,169727.5672,189201.42,19473.85283,184522.3692,4679.05076
2453,84044.61715,98368.18,14323.56285,164968.9479,66600.76793
2454,105574.4422,119891.55,14317.10783,157939.6216,38048.07159
2455,132176.3894,109120.984,23055.40543,151520.3816,42399.39758
2456,133257.0133,133630.23,373.2167103,176129.5087,42499.27872
2457,160358.7255,126442.516,33916.20951,171112.979,44670.46297
2458,162071.6244,118386.32,43685.30441,169762.0816,51375.76162
2459,111149.3026,111914.64,765.3374195,162246.8289,50332.18894
2460,139715.1897,127514.09,12201.0997,171339.3034,43825.21338
2461,128784.2263,124845.28,3938.946288,189034.7537,64189.47365
2462,129907.8629,133845.39,3937.52708,175758.8736,41913.4836
2463,130715.397,124365.19,6350.207016,163351.7215,38986.53149
2464,182772.5784,155572.42,27200.15838,189806.5466,34234.12665
2465,135531.241,139287.31,3756.069017,175370.9909,36083.68092
2466,106490.4511,112286.69,5796.238928,196895.5999,84608.9099
2467,139183.9468,141417.38,2233.4332,176905.918,35488.53799
2468,81187.03144,74621.09,6565.94144,176866.5572,102245.4672
2469,82811.0121,77769.21,5041.802097,163590.6772,85821.46717
2470,178370.9169,172177.8,6193.116857,212693.503,40515.70296
2471,158389.0819,209833.44,51444.35809,192686.9317,17146.50825
2472,157580.5442,168200.19,10619.6458,181578.685,13378.49495
2473,101489.0792,117237.945,15748.86578,166475.4576,49237.51258
2474,65420.6206,91451.36,26030.7394,185998.2552,94546.89517
2475,236063.6126,216039.92,20023.69264,185527.7149,30512.20512
2476,111032.5309,118231.74,7199.209074,159027.1182,40795.3782
2477,128890.2007,133593.28,4703.079256,181169.6549,47576.37493
2478,158088.8601,155239.4,2849.460131,176732.9153,21493.5153
2479,111651.84,103222.62,8429.219966,191619.2946,88396.67465
2480,137687.9521,141537.06,3849.107941,189114.3038,47577.24379
2481,120490.7274,123550.33,3059.602589,180934.6353,57384.30533
2482,141584.6588,130346.7,11237.95876,164573.3722,34226.67222
2483,109610.0289,114348.914,4738.885145,173902.0113,59553.09727
2484,126600.4094,122972.09,3628.319398,165625.1277,42653.03774
2485,120853.8692,125224.12,4370.250758,179555.2196,54331.09957
2486,135439.2819,154405.33,18966.04814,196899.7207,42494.39066
2487,163557.2311,174225.5,10668.26892,207566.1247,33340.6247
2488,159716.7343,168026.08,8309.34565,163899.9811,4126.098851
2489,141269.7209,146860.11,5590.389058,189179.4282,42319.31818
2490,126203.6628,156523.67,30320.00716,193892.88,37369.21002
2491,85858.61186,90807.72,4949.10814,178980.8743,88173.15433
2492,174361.6851,184609.45,10247.76486,179749.8762,4859.573756
2493,127973.9865,144783.17,16809.1835,197999.675,53216.50498
2494,150207.3903,143534.84,6672.550268,203717.4703,60182.6303
2495,96116.34982,81751.984,14364.36582,185249.2612,103497.2772
2496,219970.9072,235642.7,15671.79284,201691.2083,33951.49173
2497,159570.1747,150066.64,9503.534713,181956.5483,31889.90831
2498,107241.9676,104732.02,2509.947622,171895.9363,67163.91628
2499,77607.20527,96734.555,19127.34973,187245.1684,90510.61344
2500,116839.2477,127634.55,10795.30227,157816.7746,30182.22461
2501,126028.3841,138445.83,12417.44594,191702.9126,53257.08257
2502,145497.1958,153507.05,8009.854236,198599.42,45092.37003
2503,103376.0665,95403.164,7972.902471,187193.3137,91790.14968
2504,165458.2013,160230.36,5227.841296,220514.994,60284.634
2505,250070.9875,212496.7,37574.28747,181814.5276,30682.1724
2506,249730.6554,266457.88,16727.22461,183750.7554,82707.12463
2507,287836.1275,282241.75,5594.377481,183000.4317,99241.31832
2508,249879.8237,267360.5,17480.67631,185830.9719,81529.52809
2509,215382.9961,210954.86,4428.136067,185497.8723,25456.98766
2510,213873.6054,225341.02,11467.41456,179613.4377,45727.58232
2511,176066.026,178484.27,2418.243987,164454.968,14029.30204
2512,199249.866,207496.4,8246.533992,185127.2372,22369.16278
2513,216706.5275,210618.95,6087.577522,178750.6138,31868.33616
2514,182433.0859,260339.25,77906.16407,160927.6104,99411.63955
2515,146446.1223,149546.73,3100.607749,192562.8081,43016.07806
2516,174778.6009,163905.81,10872.79088,180990.2415,17084.43149
2517,145721.9016,139630.31,6091.591576,180064.9415,40434.6315
2518,162306.8366,138587.7,23719.13657,196070.9974,57483.29739
2519,227570.1774,234980.45,7410.272572,180352.919,54627.53098
2520,212161.727,207420.83,4740.896957,183367.9538,24052.87623
2521,182196.3486,189239.5,7043.15138,176734.8415,12504.65851
2522,221143.86,228401.84,7257.980011,180848.2208,47553.61923
2523,111342.5064,126479.664,15137.15763,187806.0594,61326.39537
2524,131310.1947,140411.5,9101.305274,180521.5264,40110.0264
2525,159986.9791,142461.98,17524.9991,181502.7545,39040.7745
2526,140213.1763,136714.56,3498.616324,174525.8794,37811.31943
2527,119354.8061,117503.12,1851.686104,188927.9841,71424.86406
2528,125213.456,129211.016,3997.560012,184728.8704,55517.85443
2529,112520.6111,135159.02,22638.40893,179857.9755,44698.95552
2530,111539.2205,120427.05,8887.829477,180962.8681,60535.81807
2531,242769.5505,248170.19,5400.63948,179194.0664,68976.12361
2532,227281.3932,223302.48,3978.913202,179591.7893,43710.69074
2533,191190.4945,196831.86,5641.36548,180638.4637,16193.3963
2534,217699.6162,232626.33,14926.7138,185846.2151,46780.11487
2535,308664.3364,305404.44,3259.896421,195174.0311,110230.4089
2536,206510.8641,230240.66,23729.79592,192474.5683,37766.09171
2537,246023.3586,233391.19,12632.16857,164200.5955,69190.5945
2538,175776.3902,186313.25,10536.85982,178403.0941,7910.155903
2539,189976.4509,182387.88,7588.570908,170774.8402,11613.03982
2540,178878.3263,178918.33,40.00373939,179879.9459,961.6158983
2541,175069.3199,184929.64,9860.320119,177668.1928,7261.447247
2542,159133.1495,165190.73,6057.580509,180174.3286,14983.59861
2543,123967.7619,132349.77,8382.008102,170643.3036,38293.53357
2544,122796.0433,129397.47,6601.426724,165448.0043,36050.53429
2545,127915.8444,133264.72,5348.875553,195531.7549,62267.03489
2546,132220.8558,132129.19,91.66578418,165314.1777,33184.98768
2547,144483.6736,142380.77,2102.903615,172532.7577,30151.98766
2548,127030.0891,152917.62,25887.53088,203310.2181,50392.59807
2549,164318.269,160330.17,3988.099035,175090.0625,14759.89252
2550,498736.4095,207108.72,291627.6895,230841.3386,23732.61863
2551,147146.5944,144675.92,2470.674414,155225.1901,10549.27007
2552,118694.8102,123355.71,4660.899762,168322.3424,44966.63244
2553,70488.42537,76002.445,5514.019627,165956.2593,89953.81427
2554,93629.57447,106964.766,13335.19153,193956.8176,86992.05156
2555,101833.7685,120223.13,18389.36155,171070.3679,50847.23789
2556,103513.2397,93593.23,9920.009734,166285.2436,72692.01363
2557,99205.92229,106703.734,7497.811712,182875.8013,76172.06735
2558,116912.538,146553.98,29641.44197,218108.5368,71554.55677
2559,133814.7764,125473.48,8341.296362,174378.7776,48905.29763
2560,127486.5115,145204.5,17717.98853,164731.3164,19526.81637
2561,149573.3097,149554.02,19.28968175,156969.6951,7415.675083
2562,161538.9586,130991.22,30547.73858,173388.8543,42397.63434
2563,151027.8753,156189.22,5161.344726,177559.6287,21370.40869
2564,173519.0406,189382.31,15863.26939,194297.7893,4915.47928
2565,98623.55514,128468.87,29845.31486,174894.5884,46425.71836
2566,125737.8868,161275.14,35537.25317,196544.1441,35269.00408
2567,126882.1871,118206.04,8676.147085,179036.1585,60830.11853
2568,172300.8586,206619.86,34319.00144,211423.9865,4804.126511
2569,257776.0019,206004.61,51771.39188,208156.3989,2151.788935
2570,123816.0607,119033.44,4782.620742,159233.9413,40200.50135
2571,198616.4873,165157.17,33459.31726,210820.1151,45662.94513
2572,159492.7377,165655.97,6163.23225,140196.1098,25459.8602
2573,209415.2766,212252.23,2836.953387,198678.4691,13573.76092
2574,225541.1614,263039.28,37498.11859,186818.6108,76220.66924
2575,124298.9277,133852.3,9553.372267,175044.7976,41192.49763
2576,101083.9904,125978.15,24894.15958,180031.1629,54053.01289
2577,169928.2748,155396.12,14532.15476,176889.1715,21493.05153
2578,89017.97109,90355.74,1337.768909,159638.8562,69283.11617
2579,51490.20698,73717.76,22227.55302,154287.2644,80569.50438
2580,82192.53105,127290.414,45097.88295,191885.6182,64595.20418
2581,95037.89209,127517.984,32480.09191,177503.3786,49985.39461
2582,104747.5763,124694.99,19947.41367,166548.3168,41853.32685
2583,268915.4598,278842.1,9926.640185,164475.1494,114366.9506
2584,184134.2064,165717.44,18416.76639,167484.7449,1767.304858
2585,187123.3646,166423.95,20699.41463,188683.1606,22259.21056
2586,230335.0235,198714.19,31620.83353,162243.3995,36470.7905
2587,207227.2049,194246.52,12980.68494,180807.2139,13439.30608
2588,129476.3608,154290.06,24813.69917,176279.0796,21989.01964
2589,140591.1022,146231.19,5640.087773,163438.9591,17207.76909
2590,200626.7655,216029.83,15403.06449,161495.5394,54534.29063
2591,201407.6193,214095.34,12687.7207,216032.3037,1936.963722
2592,215518.2148,214097.78,1420.434846,176632.1815,37465.59846
2593,247351.0949,261473.36,14122.26508,168743.0016,92730.35843
2594,192230.7306,177914.1,14316.63057,183810.1185,5896.018481
2595,208826.411,196511.12,12315.291,156794.3605,39716.75945
2596,318902.6979,312397.75,6504.947942,169136.4301,143261.3199
2597,185912.1013,182337.44,3574.661313,183203.3188,865.8787525
2598,288214.6053,276586.1,11628.50526,213252.9269,63333.17307
2599,294251.0191,300459.75,6208.730902,190550.3279,109909.4221
2600,112089.1719,141436.27,29347.09808,234707.2099,93270.93986
2601,138332.9121,143514.45,5181.53788,135751.3189,7763.131107
2602,82896.22449,82070.31,825.9144853,164228.4589,82158.14887
2603,104414.6822,96052.54,8362.142177,153219.437,57166.89703
2604,88476.53247,82227.4,6249.132474,164210.7465,81983.34652
2605,81027.3433,78048.66,2978.683305,163883.2291,85834.56912
2606,144535.6779,147004.3,2468.622069,154892.7763,7888.47627
2607,202222.7746,198651.1,3571.674618,197092.0873,1559.012662
2608,183715.4887,210053.28,26337.79129,228148.3764,18095.0964
2609,156090.9127,163584.28,7493.367297,178680.5875,15096.3075
2610,111900.5333,112897.66,997.1266687,165643.3412,52745.68117
2611,113935.3103,121123.08,7187.769705,222406.6427,101283.5627
2612,147979.4444,148630.8,651.3555906,184021.8436,35391.04358
2613,132818.0892,132902.11,84.02078397,170871.0949,37968.98494
2614,115955.751,125341.32,9385.569025,189562.8737,64221.5537
2615,149816.8222,154660.44,4843.617837,170591.885,15931.44497
2616,135189.3671,146903.95,11714.58287,172934.3517,26030.40168
2617,190852.243,165521.27,25330.97301,186425.0699,20903.79988
2618,197102.7288,192381,4721.728771,218648.1311,26267.13113
2619,208265.1528,194838.92,13426.23282,183035.6068,11803.31324
2620,182106.4893,189679.11,7572.620673,178378.9061,11300.20393
2621,173193.8795,183571.36,10377.48049,184516.7166,945.3565978
2622,182806.9234,186214.83,3407.906614,181419.5253,4795.304682
2623,236303.6924,256760.53,20456.8376,196858.9234,59901.60656
2624,305091.3485,293343.44,11747.90854,189228.7015,104114.7385
2625,328497.7025,282838.84,45658.86251,208973.3808,73865.45924
2626,174810.4299,168979.97,5830.459894,180269.869,11289.89896
2627,175745.8218,170508.28,5237.541838,159488.7137,11019.56632
2628,522204.6939,440775,81429.69389,191490.2995,249284.7005
2629,516266.24,492928.72,23337.52005,228684.2451,264244.4749
2630,387868.5911,365938.94,21929.65109,201842.9987,164095.9413
2631,542215.696,492679.62,49536.07595,209242.8229,283436.7971
2632,443514.7047,398642,44872.70472,202357.6226,196284.3774
2633,329446.2812,338225.5,8779.218827,168238.6122,169986.8878
2634,421881.3274,419712.1,2169.227405,202524.1247,217187.9753
2635,164217.5885,158450.33,5767.25848,170588.7719,12138.44193
2636,147609.0821,177814.02,30204.93792,198375.3151,20561.29513
2637,158226.6151,180530.16,22303.54488,170636.8279,9893.33211
2638,283481.5409,251393.14,32088.40092,181991.0795,69402.06052
2639,180058.2165,189416.45,9358.23351,183994.5425,5421.907482
2640,146657.5632,150643.2,3985.636802,182951.4822,32308.28219
2641,102139.0079,105548.52,3409.512086,174126.2972,68577.77716
2642,190714.4713,191829.9,1115.42872,170575.4967,21254.40326
2643,100817.2148,105810.766,4993.551216,175332.2399,69521.47387
2644,122516.2914,125525.06,3008.76859,167522.0615,41997.00154
2645,108299.2196,96588.54,11710.67958,168095.5837,71507.04374
2646,96449.09475,93005.26,3443.834753,154406.4156,61401.15563
2647,104734.6299,97647.55,7087.079935,170996.9733,73349.42335
2648,141419.1561,142421.64,1002.483892,159056.8902,16635.25025
2649,155372.2385,149027.66,6344.578495,181373.6165,32345.95652
2650,121721.3812,149462.9,27741.51876,152272.561,2809.660976
2651,118995.1473,146741.52,27746.37274,168664.3468,21922.82682
2652,424454.1123,425435.4,981.2876572,211007.0083,214428.3917
2653,257538.7809,244514.02,13024.76094,182909.515,61604.50497
2654,253671.0831,238736.66,14934.42312,203926.8294,34809.83065
2655,371292.8072,378177.12,6884.312812,179082.8254,199094.2946
2656,299197.9553,314360.1,15162.14467,206260.0998,108100.0002
2657,362263.1724,332687.84,29575.33237,181732.4434,150955.3966
2658,301786.5497,285564.66,16221.88975,189698.7407,95865.91931
2659,300687.7765,309052.5,8364.723526,203074.3468,105978.1532
2660,376320.7534,355449.84,20870.91338,201670.6344,153779.2056
2661,350437.1388,327567.78,22869.35877,173756.8126,153810.9674
2662,363583.8604,340214.4,23369.46037,181387.0764,158827.3236
2663,290115.6601,277942.84,12172.8201,184859.1553,93083.68473
2664,267072.6273,258395.55,8677.077308,158313.6157,100081.9343
2665,340432.9555,334372.1,6060.85552,151951.9554,182420.1446
2666,282283.1104,276486.16,5796.950426,162537.527,113948.633
2667,171518.4709,159060.47,12458.00091,178998.3371,19937.86707
2668,178238.2678,182863,4624.732246,186732.5849,3869.584943
2669,180174.7626,176577.7,3597.062571,187323.3184,10745.61841
2670,273681.4103,281664.44,7983.029693,199437.2328,82227.2072
2671,178587.5314,186779,8191.468644,185546.6809,1232.319141
2672,192852.0833,180308.55,12543.5333,161595.0158,18713.5342
2673,200828.5404,209424,8595.459624,154672.4228,54751.57724
2674,197887.6133,188256.33,9631.283269,159355.7101,28900.61988
2675,168049.0729,174354.98,6305.907144,155919.0141,18435.96592
2676,187678.8641,187480.17,198.6941275,182424.871,5055.299044
2677,202760.0468,197180.75,5579.296765,178100.5896,19080.16038
2678,269203.2387,249677.62,19525.61871,202577.9,47099.71996
2679,255938.861,265031.8,9092.939008,177862.7789,87169.02106
2680,277067.7289,289414.53,12346.80107,182056.0247,107358.5053
2681,396172.4223,400581.4,4408.977685,191403.1992,209178.2008
2682,314433.5204,337315.8,22882.27957,196264.755,141051.045
2683,439982.1373,514338.88,74356.74273,209375.0034,304963.8766
2684,304083.7386,306075.06,1991.321362,196691.8193,109383.2407
2685,314103.2847,337568.44,23465.15529,192458.4315,145110.0085
2686,253940.4678,240632.5,13307.96783,182242.8093,58389.69073
2687,342379.7726,332606,9773.772616,183259.5039,149346.4961
2688,220441.5844,216799.05,3642.534387,188108.2437,28690.80625
2689,215518.4758,210427.81,5090.665801,171418.6402,39009.1698
2690,467614.4971,473816.16,6201.662907,194698.8822,279117.2778
2691,194471.4325,190466.36,4005.072464,174841.8401,15624.51992
2692,143962.0429,124270.11,19691.93289,172965.4765,48695.36649
2693,197909.9162,188204.98,9704.936205,189386.3237,1181.343677
2694,136239.162,121729.66,14509.50201,185682.6183,63952.95834
2695,188607.1569,191924.33,3317.173146,176412.0127,15512.31728
2696,177288.6337,184600.66,7312.026266,174976.4897,9624.170277
2697,191296.9328,184835.31,6461.622846,180718.5817,4116.728292
2698,178823.4458,201717.84,22894.3942,186131.1882,15586.65175
2699,170748.4702,167644,3104.470199,165220.7864,2423.213646
2700,146862.7377,164475.8,17613.06228,164115.8938,359.9061996
2701,141571.6797,149238.56,7666.880322,182125.7291,32887.16913
2702,100404.5585,113469.2,13064.64145,182285.1402,68815.94023
2703,102192.8558,135139.95,32947.09417,196325.4422,61185.49221
2704,136442.309,137206.6,764.2910167,164865.2153,27658.61533
2705,109866.2358,123542.32,13676.08424,182694.4922,59152.17221
2706,105108.5271,117067.12,11958.59286,185425.4855,68358.36552
2707,118455.7697,130666.695,12210.92533,171414.7041,40748.00912
2708,139180.3043,136936.12,2244.184302,183433.4725,46497.35247
2709,114021.03,109449.914,4571.116023,176844.9812,67395.06716
2710,123032.3559,124738.766,1706.410136,180568.1878,55829.42175
2711,291171.6177,294836.34,3664.722342,185948.6255,108887.7145
2712,361260.0536,384686.12,23426.06636,189388.2917,195297.8283
2713,177972.2421,171643.81,6328.432108,142754.4892,28889.32083
2714,150134.8935,148796.17,1338.723519,156106.8008,7310.630761
2715,174470.9956,167675.67,6795.325555,155895.3976,11780.27238
2716,138735.9493,152468.38,13732.43069,159851.9777,7383.597739
2717,176377.1854,179537.77,3160.584577,185157.8323,5620.062306
2718,215115.9626,223983.28,8867.317423,180716.2917,43266.98829
2719,171622.9934,157463.78,14159.21345,176901.094,19437.31395
2720,161671.1625,166656.31,4985.14751,181017.2225,14360.91246
2721,138045.5247,137270.2,775.3246938,183269.1594,45998.95941
2722,165367.1833,158442.16,6925.023309,193550.8301,35108.6701
2723,136492.4637,146421.67,9929.206278,170625.8427,24204.1727
2724,128659.676,133491.39,4831.713971,182012.4059,48521.01594
2725,121470.9111,131129.33,9658.418863,179162.5073,48033.17729
2726,165843.1207,144382.06,21461.0607,183269.1594,38887.09941
2727,201571.9468,181903.06,19668.88682,180589.8362,1313.223825
2728,167548.5976,175800.9,8252.302449,181465.9352,5665.035199
2729,136431.8829,151463.61,15031.72711,196053.0299,44589.41988
2730,149546.2091,151409.73,1863.520897,183421.0203,32011.29032
2731,137690.2289,123313.484,14376.74493,167926.8391,44613.35508
2732,131064.3374,127449.66,3614.677402,168027.531,40577.871
2733,160888.9392,156278.9,4610.039185,182164.2669,25885.36685
2734,140540.3842,141926.06,1385.675821,172469.0716,30543.01159
2735,134865.0605,137909.75,3044.689499,181059.3743,43149.6243
2736,140971.272,140615.05,356.221975,182997.5701,42382.52012
2737,129816.2615,125461.04,4355.221497,166140.5042,40679.46418
2738,130765.7174,128805.87,1959.847423,198515.5469,69709.67693
2739,154868.1257,166069.61,11201.48434,193789.6485,27720.0385
2740,142904.8939,137811.55,5093.34387,173550.0257,35738.47573
2741,144169.0555,149549.6,5380.544524,176487.9432,26938.34317
2742,151386.0699,149764.67,1621.399885,188813.3026,39048.63256
2743,146115.7521,150056.05,3940.297859,178531.912,28475.86198
2744,143975.6651,155756.81,11781.14488,182145.7315,26388.92147
2745,132326.0327,142190.92,9864.887304,179196.465,37005.54502
2746,146230.7679,140452.73,5778.037907,169618.3499,29165.6199
2747,138456.6495,163625.64,25168.99046,170010.1687,6384.528655
2748,124769.1042,127833.47,3064.365761,181739.6717,53906.20165
2749,118537.1271,134669.33,16132.20288,172846.935,38177.60496
2750,132209.9231,137086.66,4876.736942,195560.883,58474.22302
2751,128248.2886,137427.64,9179.351388,180358.1143,42930.47429
2752,156929.6148,208405.5,51475.88523,211817.7028,3412.202818
2753,152916.02,154564.73,1648.709968,176170.1287,21605.39869
2754,218008.621,213615.44,4393.181012,234492.2483,20876.80826
2755,137298.2426,125293.64,12004.6026,182450.9565,57157.31654
2756,90312.05109,93008.54,2696.488905,174902.0681,81893.52807
2757,69670.53106,72349.086,2678.554941,173684.1743,101335.0883
2758,79987.44087,87143.695,7156.254134,147196.6737,60052.97868
2759,146285.7805,168626.12,22340.33947,175231.1897,6605.06971
2760,90951.59734,131680.73,40729.13266,193417.6474,61736.91741
2761,142982.1556,144559.94,1577.784389,183313.6012,38753.66125
2762,140181.7155,141498.33,1316.614486,180882.2508,39383.92085
2763,159188.6629,193557.5,34368.83712,186735.698,6821.80202
2764,108602.8169,152876.36,44273.54306,172922.8654,20046.50541
2765,263922.2891,274771,10848.71092,202551.6772,72219.32281
2766,111293.3076,129639.56,18346.25235,190485.6341,60846.07407
2767,83966.48856,88898.92,4932.431437,173439.4936,84540.57362
2768,132430.0222,124876.24,7553.782211,196613.5988,71737.35885
2769,127854.1714,129101.02,1246.848555,178152.2597,49051.2397
2770,126392.1631,138852.95,12460.78686,174519.9048,35666.95483
2771,103511.5631,110997.76,7486.196857,172627.7969,61630.03693
2772,110757.6458,118379.09,7621.444181,173732.6895,55353.59949
2773,132678.9656,141337.97,8659.004375,209219.8448,67881.87479
2774,140043.5777,137433.67,2609.907688,181059.3743,43625.7043
2775,115647.4994,113832.84,1814.659407,188515.443,74682.603
2776,109935.9133,141336.08,31400.16665,182164.2669,40828.18685
2777,122311.0186,139185.86,16874.84141,188137.9016,48952.0416
2778,115682.2248,116084.21,401.9851735,158893.5431,42809.33306
2779,107645.5103,112216.56,4571.049743,189579.6507,77363.09067
2780,93312.29789,95466.33,2154.032111,165229.8035,69763.47351
2781,92893.79146,99819.93,6926.138545,162186.0712,62366.14122
2782,86635.08468,95352.77,8717.685318,166374.8799,71022.10987
2783,102581.1016,99744.945,2836.156645,161665.185,61920.23997
2784,122811.93,128285.71,5473.779982,175079.3288,46793.6188
2785,131153.2661,132509.78,1356.513901,203840.874,71331.09402
2786,67984.33959,66288.68,1695.659586,152129.0789,85840.39886
2787,112488.9178,116075.02,3586.102244,181012.1414,64937.12138
2788,75605.07259,71773.39,3831.682586,161305.535,89532.14504
2789,133571.7859,175886.61,42314.82407,203326.393,27439.78297
2790,102339.8517,94618.125,7721.726739,168385.5711,73767.44614
2791,96133.00468,117627.35,21494.34532,183564.3652,65937.01516
2792,60960.73944,60564.996,395.7434432,163784.6194,103219.6234
2793,129468.6714,158467.25,28998.57863,171989.1922,13521.94219
2794,100928.8016,96336.93,4591.871584,180839.9562,84503.02617
2795,125515.1652,127053.43,1538.264812,170895.9232,43842.49319
2796,106904.5575,104063.96,2840.597487,174071.0548,70007.09481
2797,204569.281,190303.12,14266.16097,259423.8591,69120.73915
2798,84779.12734,112562.445,27783.31766,188000.8247,75438.37968
2799,108832.5465,117412.27,8579.723528,179171.7036,61759.43357
2800,68914.75636,73386.25,4471.49364,171022.2414,97635.99145
2801,89780.23981,113326.88,23546.64019,174126.2972,60799.41716
2802,126164.7832,134075.36,7910.576801,187625.5733,53550.21327
2803,189327.7145,151381.44,37946.27451,199567.9464,48186.50637
2804,112539.4154,139584.78,27045.36464,205328.0782,65743.29822
2805,83511.46328,96590.195,13078.73172,166231.535,69641.34003
2806,79655.83739,83364.9,3709.062606,154743.9161,71379.01606
2807,159496.6815,157884.06,1612.621538,159714.537,1830.477013
2808,146672.7187,155451.4,8778.681276,185563.0691,30111.66908
2809,145105.3612,136012.17,9093.191214,171500.7967,35488.62673
2810,118685.5949,137645.9,18960.3051,180983.4438,43337.54384
2811,156604.3571,152939.2,3665.157082,183141.2369,30202.03691
2812,158053.4615,147461.77,10591.69149,178498.6345,31036.86445
2813,157566.8201,139259.55,18307.27013,224323.7105,85064.16051
2814,157222.4671,146199.27,11023.19711,218200.6421,72001.37213
2815,102704.2256,93114.24,9589.985614,182283.1778,89168.93776
2816,233806.4734,243706.66,9900.186629,190054.6392,53652.02076
2817,149219.6492,155296.56,6076.91076,160192.4539,4895.893935
2818,146286.8657,131314.05,14972.81574,171289.3936,39975.34358
2819,150159.3158,167711.48,17552.16421,151131.0987,16580.38127
2820,138278.5185,136482.28,1796.238468,181721.4582,45239.17823
2821,105719.4376,105496.9,222.537612,172725.0539,67228.15385
2822,174742.4984,196171.1,21428.60158,222438.6991,26267.59914
2823,332701.0983,253118.5,79582.59828,235419.3734,17699.12655
2824,162548.7111,172931.33,10382.61892,185150.926,12219.59603
2825,105183.791,153664.52,48480.72903,184772.2396,31107.71962
2826,137659.7344,134717.5,2942.234443,180658.2164,45940.71644
2827,140563.867,137812.45,2751.416998,209673.3166,71860.86665
2828,200681.6812,224222.44,23540.75876,205939.8106,18282.62937
2829,211754.4194,186586.9,25167.51941,165633.5733,20953.32667
2830,220403.8583,231287.11,10883.25168,186030.3172,45256.79279
2831,166957.0823,185889.23,18932.1477,160312.3196,25576.91041
2832,261190.217,243903.6,17286.61703,190702.4403,53201.15975
2833,291023.2898,295044.5,4021.210209,175122.8103,119921.6897
2834,208708.2756,210262.11,1553.834426,183783.1394,26478.97062
2835,217911.9694,218484.64,572.6706194,178290.6663,40193.9737
2836,185227.3185,192185.7,6958.38153,181605.344,10580.35604
2837,147330.6742,151460.28,4129.605819,187992.4514,36532.17144
2838,151243.5944,147738.78,3504.814409,188885.1178,41146.33782
2839,166147.116,180151.44,14004.324,189959.3448,9807.904795
2840,210326.5576,200620.27,9706.2876,179258.6192,21361.65079
2841,197548.8974,204392.3,6843.402604,181518.7503,22873.54972
2842,222806.3424,217703.84,5102.502414,193008.6592,24695.18076
2843,144475.6367,150742.38,6266.743329,186313.8939,35571.51386
2844,163317.4694,163221.66,95.80943397,181499.3919,18277.73185
2845,123597.9228,116651.086,6946.836776,174126.2972,57475.21116
2846,203219.5508,208177.86,4958.309236,183918.6121,24259.24794
2847,209490.1701,205478.56,4011.610116,184114.2709,21364.2891
2848,249009.9173,213499.97,35509.94728,158540.9478,54959.0222
2849,193165.5393,209616.03,16450.49067,197034.7591,12581.27094
2850,278801.0801,277388.1,1412.980129,185170.2845,92217.81555
2851,203337.5934,225118.92,21781.32662,221134.5336,3984.386365
2852,237321.1495,224992.92,12328.22948,184306.6376,40686.28242
2853,225309.9691,239984.39,14674.42094,199792.3027,40192.08726
2854,142510.9102,139168.34,3342.570189,143237.8036,4069.46356
2855,203462.4199,203889.61,427.1900964,177294.8389,26594.7711
2856,192972.215,203460.55,10488.33501,182368.6209,21091.92912
2857,184392.1146,186828.34,2436.225424,176487.9432,10340.39683
2858,208615.5902,196313.14,12302.45017,183849.4088,12463.73124
2859,121513.2331,123821.984,2308.750858,184964.1415,61142.15751
2860,141252.7354,123005.05,18247.68545,196395.9696,73390.91963
2861,118099.9717,128407.625,10307.65329,188374.9367,59967.31165
2862,194429.9416,186330.3,8099.641647,176261.2968,10069.00319
2863,146260.2071,123541.49,22718.71711,163628.1422,40086.65225
2864,254677.5952,244491.17,10186.4252,180618.0326,63873.13737
2865,146097.435,142238.39,3859.044991,161647.3298,19408.93979
2866,145049.2241,132077.16,12972.06407,167129.5989,35052.43887
2867,107127.2644,97571.86,9555.404381,174750.9884,77179.12835
2868,91357.51838,94269.375,2911.856617,177560.2021,83290.82712
2869,97127.26499,111826.734,14699.46901,192577.7961,80751.06211
2870,110802.5386,128104.65,17302.11142,199202.899,71098.24896
2871,77106.12496,96846.44,19740.31504,182818.1567,85971.71667
2872,63161.01957,54196.945,8964.074575,148217.2625,94020.31754
2873,97598.74711,107221.42,9622.67289,188997.7971,81776.37708
2874,129362.2034,146672.12,17309.91657,185807.9289,39135.80888
2875,102628.143,119118.49,16490.34702,177030.4778,57911.98784
2876,154530.9699,165303.4,10772.43006,175942.4746,10639.07459
2877,152752.053,145074.11,7677.942974,172912.5186,27838.40858
2878,154632.7762,185159.4,30526.62382,198359.2489,13199.84886
2879,124126.9924,139322.9,15195.90758,184379.133,45056.23304
2880,98213.56818,101415.38,3201.811819,194255.5669,92840.18695
2881,131912.3633,132601.19,688.8266749,209449.6516,76848.4616
2882,164779.3564,164412.75,366.6064022,169979.324,5566.573958
2883,190588.0084,174982.47,15605.53842,188206.2819,13223.81186
2884,168147.6074,197383.38,29235.77261,186412.4386,10970.94139
2885,182476.5631,188394.97,5918.406922,196761.3864,8366.41641
2886,210471.96,219618.16,9146.199997,208353.2696,11264.89044
2887,98678.19303,101134.13,2455.936974,166548.0672,65413.93724
2888,130203.618,129883.85,319.7679651,175942.4746,46058.62459
2889,64116.64979,53802.82,10313.82979,166790.4579,112987.6379
2890,81039.66497,88058.33,7018.665035,160515.8506,72457.52058
2891,135329.1042,133601.44,1727.664202,192167.6211,58566.1811
2892,41825.05538,56096.254,14271.19862,178751.5511,122655.2971
2893,68890.96217,106558.72,37667.75783,198678.8941,92120.17412
2894,60538.69686,55033.113,5505.583861,164553.1203,109520.0073
2895,307950.2677,313404.28,5454.012297,156887.9329,156516.3471
2896,268993.4472,283352.1,14358.65278,164185.7773,119166.3227
2897,194168.7245,205013.3,10844.57546,212992.1206,7978.820631
2898,134447.0816,144388.25,9941.168385,197468.5505,53080.30053
2899,199675.768,218421.72,18745.952,180106.8437,38314.87626
2900,148670.5044,158987.98,10317.47562,183972.0711,24984.09106
2901,216651.6937,202242.94,14408.75371,245283.1983,43040.25834
2902,187751.5695,173498.1,14253.4695,170351.9634,3146.136589
2903,329012.96,352533.72,23520.75996,195596.3077,156937.4123
2904,329780.8539,363268.2,33487.3461,189369.7563,173898.4437
2905,73092.3299,91397.13,18304.8001,223667.4046,132270.2746
2906,205726.1351,207772.84,2046.704922,169335.3106,38437.52938
2907,106083.3323,107463.016,1379.683692,167411.0284,59948.01235
2908,114176.315,132545.05,18368.73501,187709.555,55164.505
2909,136724.6103,140271.62,3547.009652,196526.003,56254.383
2910,92131.34454,75442.27,16689.07454,137402.5699,61960.29986
2911,86620.25957,82615.625,4004.634567,165086.7751,82471.15006
2912,130831.3684,149180.23,18348.86165,188506.4314,39326.20141
2913,81208.77326,85494.85,4286.076735,172917.4568,87422.60682
2914,79742.25749,76330.63,3411.627492,166274.3252,89943.69523
2915,86550.05376,78876.02,7674.033758,167081.2209,88205.20095
2916,81329.36918,81884.25,554.8808221,164788.7782,82904.52823
2917,136625.6882,166822.33,30196.64177,219222.4234,52400.0934
2918,129318.0952,121426.8,7891.295236,184924.2797,63497.47966
2919,226195.8937,221046.38,5149.51369,187741.8667,33304.51334
